transaction_id,account_id,txn_date,amount,txn_type,counterparty,status,currency,reference
TXN000001,ACC00027,2024-12-31,38357.21,FEE,CORP_14,COMPLETED,CHF,REF70138
TXN000002,ACC00260,2020-09-24,61209.11,CREDIT,CORP_41,,USD,REF33186
TXN000003,ACC00036,2022-09-16,64230.88,TRANSFER,,,USD,REF31319
TXN000004,ACC00244,2022-09-26,54506.14,TRANSFER,CORP_44,PENDING,CHF,REF60012
TXN000005,ACC00063,2020-08-19,-35342.46,INTEREST,CORP_9,COMPLETED,CHF,REF96455
TXN000006,ACC00222,2024-12-22,-29917.53,DEBIT,CORP_27,PENDING,GBP,REF67343
TXN000007,ACC00207,2022-04-22,21571.19,CREDIT,CORP_42,,USD,REF91313
TXN000008,ACC00259,2022-06-21,-15123.07,DEBIT,,,USD,REF23005
TXN000009,ACC00184,2020-04-04,78857.99,TRANSFER,CORP_2,COMPLETED,USD,REF23606
TXN000010,ACC00129,2020-05-09,-7510.0,TRANSFER,CORP_15,CANCELLED,USD,
TXN000011,ACC00185,2021-06-19,81514.95,CREDIT,CORP_34,FAILED,EUR,
TXN000012,ACC00236,2023-09-03,11297.01,TRANSFER,CORP_27,PENDING,GBP,REF23588
TXN000013,ACC00245,2021-10-05,-21646.85,TRANSFER,CORP_42,PENDING,EUR,REF91766
TXN000014,ACC00242,2020-01-26,56372.33,INTEREST,CORP_21,PENDING,USD,REF23068
TXN000015,ACC00172,2023-12-13,68413.37,INTEREST,CORP_43,COMPLETED,CHF,REF75976
TXN000016,ACC00160,2024-11-13,36698.07,TRANSFER,CORP_36,FAILED,CHF,REF14277
TXN000017,ACC00180,2023-10-20,-32325.71,CREDIT,CORP_20,PENDING,USD,REF65134
TXN000018,ACC00051,2022-12-10,-48920.89,CREDIT,CORP_20,CANCELLED,EUR,REF69589
TXN000019,ACC00294,2024-04-20,48181.92,TRANSFER,CORP_17,CANCELLED,EUR,REF25007
TXN000020,ACC00088,2024-03-02,53165.01,TRANSFER,CORP_24,,GBP,REF71548
TXN000021,ACC00172,2023-03-26,-2614.74,FEE,CORP_50,FAILED,CHF,REF55955
TXN000022,ACC00286,2024-01-22,4340.47,INTEREST,CORP_10,,USD,REF70810
TXN000023,ACC00155,2023-03-03,-26783.21,INTEREST,CORP_30,,EUR,REF94523
TXN000024,ACC00271,2021-04-03,47736.39,CREDIT,CORP_40,FAILED,EUR,REF61879
TXN000025,ACC00245,2023-10-03,-11955.09,DEBIT,CORP_46,,GBP,
TXN000026,ACC00041,2024-11-23,78246.54,DEBIT,CORP_12,FAILED,CHF,REF39351
TXN000027,ACC00226,2021-11-23,13534.23,TRANSFER,CORP_46,CANCELLED,USD,REF45076
TXN000028,ACC00124,2022-11-29,4846.61,TRANSFER,CORP_43,FAILED,CHF,REF44668
TXN000029,ACC00018,2022-12-07,-8665.92,FEE,CORP_11,PENDING,USD,REF64357
TXN000030,ACC00084,2023-11-10,52090.86,FEE,CORP_3,COMPLETED,EUR,REF10544
TXN000031,ACC00197,2023-12-05,63245.79,CREDIT,CORP_37,CANCELLED,EUR,REF64336
TXN000032,ACC00211,2023-06-20,11984.22,DEBIT,CORP_17,COMPLETED,USD,
TXN000033,ACC00040,2020-07-14,67568.26,FEE,CORP_14,CANCELLED,CHF,
TXN000034,ACC00044,2022-06-05,22370.16,DEBIT,CORP_3,PENDING,CHF,REF78021
TXN000035,ACC00097,2023-09-17,5531.95,FEE,CORP_23,COMPLETED,GBP,REF88636
TXN000036,ACC00075,2024-01-28,33236.7,INTEREST,CORP_29,PENDING,USD,REF32336
TXN000037,ACC00254,2021-05-24,-11933.35,TRANSFER,CORP_11,PENDING,CHF,REF66363
TXN000038,ACC00118,2022-09-13,-4002.04,FEE,CORP_8,CANCELLED,EUR,REF61296
TXN000039,ACC00043,2021-12-09,1653.45,FEE,CORP_26,,CHF,REF94467
TXN000040,ACC00190,2023-09-21,55824.19,CREDIT,CORP_50,PENDING,CHF,REF16760
TXN000041,ACC00189,2023-10-17,60367.36,INTEREST,CORP_30,PENDING,GBP,REF85740
TXN000042,ACC00113,2023-08-06,78249.84,TRANSFER,CORP_10,CANCELLED,CHF,REF93397
TXN000043,ACC00023,2022-02-27,48892.43,INTEREST,,FAILED,GBP,REF32769
TXN000044,ACC00239,2020-10-31,62172.13,TRANSFER,CORP_33,CANCELLED,EUR,REF51697
TXN000045,ACC00231,2024-09-14,16989.23,INTEREST,CORP_46,PENDING,EUR,REF67331
TXN000046,ACC00121,2024-08-19,54896.72,INTEREST,CORP_19,CANCELLED,EUR,REF26558
TXN000047,ACC00225,2023-02-17,-25730.73,CREDIT,CORP_49,PENDING,EUR,REF92764
TXN000048,ACC00209,2024-12-31,-17831.28,DEBIT,CORP_37,COMPLETED,EUR,REF61381
TXN000049,ACC00264,2023-06-09,10084.14,INTEREST,CORP_37,FAILED,CHF,REF92223
TXN000050,ACC00137,2020-04-21,765.68,TRANSFER,CORP_29,COMPLETED,USD,REF82470
TXN000051,ACC00147,2020-01-24,32586.43,TRANSFER,CORP_8,COMPLETED,EUR,REF52258
TXN000052,ACC00175,2023-08-10,54558.61,CREDIT,CORP_3,FAILED,CHF,REF22224
TXN000053,ACC00261,2020-11-17,56018.49,DEBIT,CORP_36,COMPLETED,GBP,
TXN000054,ACC00255,2022-11-01,-25889.3,TRANSFER,CORP_2,,EUR,
TXN000055,ACC00028,2024-10-04,94685.54,CREDIT,CORP_15,COMPLETED,USD,REF30060
TXN000056,ACC00292,2022-08-19,-49206.4,TRANSFER,CORP_6,PENDING,CHF,
TXN000057,ACC00191,2024-10-10,-36336.71,FEE,CORP_39,FAILED,CHF,REF20324
TXN000058,ACC00210,2022-10-12,-28200.73,INTEREST,CORP_38,CANCELLED,CHF,REF13314
TXN000059,ACC00256,2024-11-15,88879.27,DEBIT,CORP_50,PENDING,GBP,REF27111
TXN000060,ACC00239,2020-12-04,15306.62,INTEREST,CORP_2,,USD,REF93160
TXN000061,ACC00120,2020-06-02,-40387.93,INTEREST,,FAILED,EUR,REF56939
TXN000062,ACC00291,2024-03-18,-16734.46,FEE,CORP_44,COMPLETED,GBP,REF95527
TXN000063,ACC00248,2022-10-03,-37994.04,DEBIT,CORP_6,COMPLETED,EUR,REF48918
TXN000064,ACC00149,2021-10-18,-44336.7,INTEREST,CORP_26,PENDING,USD,REF42145
TXN000065,ACC00097,2021-05-08,7648.9,CREDIT,CORP_21,PENDING,CHF,REF59559
TXN000066,ACC00086,2021-11-08,97667.22,TRANSFER,CORP_33,FAILED,EUR,REF96410
TXN000067,ACC00165,2021-07-23,42094.84,TRANSFER,CORP_43,PENDING,CHF,
TXN000068,ACC00040,2020-04-13,28150.83,CREDIT,CORP_10,PENDING,CHF,
TXN000069,ACC00256,2022-11-04,56740.87,TRANSFER,CORP_28,FAILED,EUR,
TXN000070,ACC00237,2021-04-01,39620.88,FEE,CORP_24,PENDING,EUR,
TXN000071,ACC00269,2023-02-01,91857.38,CREDIT,,FAILED,USD,REF23555
TXN000072,ACC00229,2023-08-10,73034.31,FEE,CORP_20,,EUR,
TXN000073,ACC00014,2022-02-14,46043.7,DEBIT,CORP_36,PENDING,USD,REF26080
TXN000074,ACC00188,2022-04-05,15845.81,TRANSFER,,PENDING,USD,
TXN000075,ACC00252,2024-07-31,-19743.91,FEE,CORP_29,PENDING,EUR,REF33675
TXN000076,ACC00005,2021-04-26,48532.63,TRANSFER,CORP_27,COMPLETED,CHF,
TXN000077,ACC00279,2020-06-10,70586.49,DEBIT,CORP_19,PENDING,GBP,REF57369
TXN000078,ACC00048,2022-07-29,-7099.02,INTEREST,CORP_47,FAILED,EUR,REF37259
TXN000079,ACC00137,2022-06-28,-44958.6,TRANSFER,CORP_28,COMPLETED,EUR,REF74361
TXN000080,ACC00298,2024-06-28,39927.24,DEBIT,CORP_27,COMPLETED,USD,REF64230
TXN000081,ACC00129,2023-03-19,27372.04,CREDIT,CORP_38,PENDING,USD,
TXN000082,ACC00299,2022-07-06,-15249.35,TRANSFER,CORP_10,CANCELLED,USD,REF20002
TXN000083,ACC00273,2020-06-29,-24577.57,CREDIT,CORP_31,COMPLETED,EUR,REF65038
TXN000084,ACC00265,2024-10-20,-44590.83,DEBIT,CORP_34,FAILED,GBP,REF51102
TXN000085,ACC00091,2022-10-17,-14111.51,CREDIT,CORP_5,PENDING,EUR,REF69097
TXN000086,ACC00263,2022-07-04,-49956.91,FEE,CORP_38,FAILED,EUR,REF33567
TXN000087,ACC00263,2021-10-09,-26383.29,INTEREST,CORP_6,CANCELLED,EUR,REF33419
TXN000088,ACC00029,2020-08-31,99522.57,CREDIT,,PENDING,GBP,REF92734
TXN000089,ACC00109,2022-10-15,66950.93,FEE,CORP_18,FAILED,GBP,REF14122
TXN000090,ACC00025,2024-03-06,2969.15,INTEREST,CORP_36,FAILED,USD,
TXN000091,ACC00200,2023-08-31,9271.47,DEBIT,CORP_37,PENDING,CHF,REF55453
TXN000092,ACC00195,2020-02-06,37912.02,DEBIT,CORP_9,,EUR,REF90478
TXN000093,ACC00016,2020-07-29,27661.41,TRANSFER,CORP_25,,USD,REF10657
TXN000094,ACC00188,2022-04-06,60538.83,FEE,CORP_32,CANCELLED,GBP,REF43357
TXN000095,ACC00218,2022-04-24,-39707.42,INTEREST,,COMPLETED,EUR,REF35276
TXN000096,ACC00227,2020-03-14,-36475.12,TRANSFER,CORP_38,COMPLETED,GBP,REF80248
TXN000097,ACC00129,2023-02-15,-7325.93,TRANSFER,CORP_36,PENDING,CHF,
TXN000098,ACC00028,2023-01-29,74464.72,DEBIT,CORP_15,PENDING,USD,REF29968
TXN000099,ACC00029,2020-01-01,87251.35,CREDIT,,PENDING,CHF,REF57826
TXN000100,ACC00065,2024-08-18,2214.29,INTEREST,,PENDING,GBP,
TXN000101,ACC00024,2020-07-05,94493.15,DEBIT,CORP_41,,GBP,REF52931
TXN000102,ACC00179,2024-06-09,-8523.82,DEBIT,CORP_31,CANCELLED,USD,
TXN000103,ACC00156,2023-05-22,40954.51,CREDIT,CORP_43,FAILED,EUR,
TXN000104,ACC00134,2023-06-21,-20821.22,FEE,CORP_27,FAILED,EUR,REF26591
TXN000105,ACC00003,2023-07-29,89457.08,FEE,CORP_45,,USD,REF73120
TXN000106,ACC00104,2021-09-15,36236.01,INTEREST,CORP_2,CANCELLED,EUR,REF22054
TXN000107,ACC00037,2024-12-27,-10833.87,CREDIT,CORP_18,PENDING,USD,REF82285
TXN000108,ACC00259,2022-11-07,11070.19,CREDIT,CORP_5,COMPLETED,USD,REF71216
TXN000109,ACC00209,2023-02-25,-34030.26,TRANSFER,CORP_24,,GBP,REF74985
TXN000110,ACC00144,2021-02-27,-39142.1,CREDIT,CORP_37,,USD,REF62421
TXN000111,ACC00069,2023-09-02,-5862.23,INTEREST,CORP_17,PENDING,USD,REF42780
TXN000112,ACC00027,2023-10-07,92052.32,CREDIT,CORP_31,,USD,REF46842
TXN000113,ACC00242,2022-07-23,70441.34,TRANSFER,CORP_8,FAILED,GBP,REF23486
TXN000114,ACC00031,2021-11-29,93506.4,FEE,CORP_47,PENDING,GBP,REF87015
TXN000115,ACC00111,2022-01-14,81416.96,CREDIT,CORP_17,FAILED,USD,REF36978
TXN000116,ACC00090,2024-08-17,71972.1,CREDIT,CORP_4,PENDING,CHF,REF73941
TXN000117,ACC00115,2020-04-21,36234.08,INTEREST,CORP_30,COMPLETED,EUR,REF68478
TXN000118,ACC00245,2024-07-30,54128.78,TRANSFER,CORP_9,FAILED,GBP,REF45608
TXN000119,ACC00263,2021-04-01,94908.32,CREDIT,CORP_4,PENDING,GBP,REF91646
TXN000120,ACC00193,2024-09-25,34475.29,INTEREST,CORP_27,,CHF,
TXN000121,ACC00204,2022-07-19,65495.08,TRANSFER,CORP_23,,USD,REF36177
TXN000122,ACC00021,2021-11-10,63620.99,DEBIT,,CANCELLED,CHF,REF59015
TXN000123,ACC00169,2023-02-21,94185.81,TRANSFER,CORP_41,PENDING,CHF,REF18423
TXN000124,ACC00184,2024-04-20,18827.26,DEBIT,CORP_33,COMPLETED,EUR,REF14424
TXN000125,ACC00050,2023-06-23,19108.07,DEBIT,CORP_41,CANCELLED,GBP,REF43169
TXN000126,ACC00106,2023-05-13,38023.98,TRANSFER,CORP_7,,CHF,REF48466
TXN000127,ACC00064,2022-08-26,-45897.4,TRANSFER,CORP_11,COMPLETED,USD,REF94554
TXN000128,ACC00225,2024-01-07,-32559.75,INTEREST,CORP_21,PENDING,USD,REF79533
TXN000129,ACC00276,2023-09-07,-39866.86,TRANSFER,CORP_44,,EUR,REF13924
TXN000130,ACC00185,2022-01-14,45049.27,FEE,CORP_18,CANCELLED,GBP,
TXN000131,ACC00133,2024-01-06,99129.71,CREDIT,CORP_45,,USD,REF66280
TXN000132,ACC00066,2022-07-15,51536.95,TRANSFER,CORP_35,FAILED,GBP,REF56890
TXN000133,ACC00269,2020-08-21,-15510.48,DEBIT,CORP_10,CANCELLED,USD,REF38204
TXN000134,ACC00043,2020-07-18,-2640.4,DEBIT,,,CHF,REF58754
TXN000135,ACC00037,2024-04-04,93316.85,TRANSFER,CORP_24,CANCELLED,USD,
TXN000136,ACC00220,2023-09-11,27475.63,CREDIT,CORP_27,PENDING,GBP,REF11262
TXN000137,ACC00106,2021-03-30,-48541.52,CREDIT,CORP_11,FAILED,CHF,REF11428
TXN000138,ACC00129,2020-01-05,74826.56,INTEREST,CORP_10,FAILED,CHF,REF38019
TXN000139,ACC00238,2021-11-30,-12761.36,INTEREST,CORP_13,,EUR,REF52147
TXN000140,ACC00075,2021-12-28,-36048.59,INTEREST,CORP_36,CANCELLED,USD,REF83615
TXN000141,ACC00194,2024-08-26,51054.69,CREDIT,CORP_34,CANCELLED,EUR,
TXN000142,ACC00075,2023-07-21,73161.2,DEBIT,CORP_46,CANCELLED,GBP,REF37810
TXN000143,ACC00181,2024-06-26,-38595.68,INTEREST,CORP_49,FAILED,EUR,REF23489
TXN000144,ACC00217,2021-08-20,89709.44,TRANSFER,CORP_27,,EUR,REF89679
TXN000145,ACC00086,2023-01-26,21483.32,INTEREST,CORP_5,CANCELLED,CHF,REF97994
TXN000146,ACC00283,2022-12-05,3030.69,TRANSFER,CORP_9,,EUR,
TXN000147,ACC00009,2022-02-04,84147.44,TRANSFER,CORP_31,COMPLETED,GBP,REF65279
TXN000148,ACC00255,2023-12-08,-9638.63,DEBIT,CORP_45,PENDING,EUR,REF67043
TXN000149,ACC00263,2020-08-05,92067.72,TRANSFER,CORP_29,PENDING,GBP,REF51958
TXN000150,ACC00062,2020-04-03,52466.1,INTEREST,CORP_39,PENDING,GBP,REF16509
TXN000151,ACC00183,2020-12-02,86489.12,DEBIT,CORP_22,CANCELLED,GBP,REF75359
TXN000152,ACC00057,2022-10-05,24849.9,DEBIT,CORP_20,PENDING,USD,
TXN000153,ACC00118,2020-10-14,-20050.02,CREDIT,,CANCELLED,USD,REF25631
TXN000154,ACC00194,2024-08-10,60314.36,TRANSFER,CORP_15,PENDING,GBP,
TXN000155,ACC00236,2024-01-08,80911.37,INTEREST,CORP_45,FAILED,EUR,REF52844
TXN000156,ACC00239,2024-02-29,-18983.21,TRANSFER,CORP_15,CANCELLED,EUR,REF40988
TXN000157,ACC00072,2024-01-17,-19585.02,INTEREST,CORP_14,CANCELLED,CHF,REF47360
TXN000158,ACC00116,2022-04-18,-12545.68,FEE,CORP_6,,USD,
TXN000159,ACC00073,2020-08-07,42789.53,CREDIT,CORP_49,PENDING,CHF,REF85465
TXN000160,ACC00192,2021-06-04,-26600.66,DEBIT,CORP_5,FAILED,EUR,REF70525
TXN000161,ACC00022,2023-06-05,-33996.61,CREDIT,,FAILED,EUR,REF62797
TXN000162,ACC00267,2021-02-05,88028.22,FEE,CORP_28,,USD,
TXN000163,ACC00004,2021-01-19,51371.82,CREDIT,,COMPLETED,GBP,REF79142
TXN000164,ACC00109,2020-09-04,49513.61,CREDIT,CORP_43,PENDING,CHF,
TXN000165,ACC00095,2024-10-11,42074.05,FEE,CORP_4,COMPLETED,EUR,REF19103
TXN000166,ACC00117,2022-03-15,64636.63,CREDIT,CORP_17,FAILED,GBP,REF64405
TXN000167,ACC00252,2021-03-17,31221.09,CREDIT,,CANCELLED,GBP,REF46002
TXN000168,ACC00127,2022-07-25,-43660.53,FEE,CORP_1,,GBP,REF55327
TXN000169,ACC00164,2024-08-15,22343.81,FEE,CORP_8,FAILED,EUR,REF82935
TXN000170,ACC00052,2024-05-19,43100.12,DEBIT,CORP_14,PENDING,EUR,REF74725
TXN000171,ACC00142,2021-01-25,23851.06,INTEREST,CORP_13,,USD,REF61554
TXN000172,ACC00297,2024-01-07,97804.2,INTEREST,CORP_23,COMPLETED,GBP,REF69582
TXN000173,ACC00022,2021-11-23,84549.97,FEE,,CANCELLED,CHF,REF94029
TXN000174,ACC00177,2020-08-08,80315.33,INTEREST,CORP_48,,USD,REF25913
TXN000175,ACC00005,2024-03-30,23620.8,TRANSFER,CORP_38,,GBP,REF90999
TXN000176,ACC00065,2022-04-28,97659.2,TRANSFER,CORP_11,FAILED,CHF,
TXN000177,ACC00277,2020-04-05,87401.02,TRANSFER,CORP_50,CANCELLED,CHF,REF11362
TXN000178,ACC00285,2023-07-20,-7960.01,DEBIT,CORP_16,CANCELLED,USD,
TXN000179,ACC00120,2024-09-11,-16686.08,INTEREST,CORP_5,CANCELLED,GBP,REF67105
TXN000180,ACC00086,2023-10-08,36499.78,CREDIT,,CANCELLED,EUR,REF21536
TXN000181,ACC00214,2023-04-20,-41877.77,FEE,CORP_1,CANCELLED,USD,REF58349
TXN000182,ACC00231,2020-09-09,69890.49,INTEREST,CORP_46,FAILED,USD,REF80458
TXN000183,ACC00128,2024-04-30,21748.01,DEBIT,CORP_19,CANCELLED,USD,REF16880
TXN000184,ACC00121,2024-12-31,31115.19,CREDIT,CORP_49,FAILED,CHF,REF15646
TXN000185,ACC00193,2022-07-11,25371.28,FEE,CORP_47,FAILED,GBP,
TXN000186,ACC00162,2022-07-25,9057.54,CREDIT,,CANCELLED,EUR,REF19835
TXN000187,ACC00046,2023-09-10,52950.8,FEE,CORP_33,COMPLETED,GBP,REF90314
TXN000188,ACC00026,2023-04-21,-23779.95,TRANSFER,CORP_31,PENDING,USD,REF59749
TXN000189,ACC00024,2022-10-29,96476.08,FEE,CORP_38,CANCELLED,CHF,REF32326
TXN000190,ACC00277,2020-10-02,54736.69,FEE,CORP_44,PENDING,CHF,REF86474
TXN000191,ACC00293,2022-10-18,19010.59,DEBIT,CORP_12,FAILED,USD,REF26552
TXN000192,ACC00047,2020-01-09,53381.58,DEBIT,CORP_25,COMPLETED,CHF,REF29398
TXN000193,ACC00099,2022-12-22,-48227.0,DEBIT,CORP_33,FAILED,GBP,REF64171
TXN000194,ACC00176,2024-02-16,-18387.14,INTEREST,CORP_8,COMPLETED,CHF,REF97586
TXN000195,ACC00229,2020-04-09,37151.23,TRANSFER,CORP_21,FAILED,GBP,
TXN000196,ACC00195,2023-02-07,-1184.57,TRANSFER,CORP_8,,GBP,REF85744
TXN000197,ACC00193,2022-06-05,41916.71,FEE,CORP_32,,CHF,REF74238
TXN000198,ACC00094,2024-09-13,-11044.88,DEBIT,CORP_46,,USD,REF52193
TXN000199,ACC00132,2023-04-13,32284.51,TRANSFER,CORP_47,COMPLETED,GBP,REF73269
TXN000200,ACC00287,2022-09-16,-14429.13,TRANSFER,,FAILED,EUR,REF44578
TXN000201,ACC00072,2022-11-07,20701.8,FEE,CORP_8,PENDING,GBP,REF20852
TXN000202,ACC00074,2024-05-18,41962.61,FEE,CORP_30,COMPLETED,CHF,REF41768
TXN000203,ACC00278,2020-12-28,4888.62,CREDIT,CORP_20,COMPLETED,GBP,REF36986
TXN000204,ACC00035,2023-11-17,24815.5,CREDIT,CORP_29,COMPLETED,EUR,REF19849
TXN000205,ACC00184,2023-03-30,-18420.13,FEE,CORP_27,FAILED,EUR,REF17899
TXN000206,ACC00017,2020-12-21,55106.89,CREDIT,CORP_28,COMPLETED,EUR,REF97883
TXN000207,ACC00200,2024-02-05,5846.44,TRANSFER,CORP_5,,USD,REF60470
TXN000208,ACC00198,2024-07-27,78148.91,FEE,CORP_31,PENDING,EUR,REF23701
TXN000209,ACC00053,2020-09-19,-8055.57,FEE,CORP_24,FAILED,USD,REF87401
TXN000210,ACC00004,2020-07-31,-23016.62,DEBIT,CORP_44,PENDING,EUR,REF77361
TXN000211,ACC00042,2022-03-04,-30329.13,TRANSFER,CORP_7,FAILED,EUR,REF50871
TXN000212,ACC00004,2023-09-08,36383.91,TRANSFER,CORP_34,FAILED,GBP,REF95890
TXN000213,ACC00149,2023-05-14,-15714.99,INTEREST,CORP_6,FAILED,CHF,REF76127
TXN000214,ACC00105,2023-05-26,-35019.54,INTEREST,CORP_26,FAILED,EUR,
TXN000215,ACC00156,2024-12-12,-9507.63,DEBIT,CORP_38,PENDING,CHF,
TXN000216,ACC00247,2021-10-21,-14629.22,INTEREST,CORP_48,,USD,REF60538
TXN000217,ACC00078,2022-10-29,14832.81,CREDIT,CORP_11,PENDING,CHF,REF91327
TXN000218,ACC00112,2024-12-10,7132.51,FEE,,,CHF,REF62455
TXN000219,ACC00225,2022-02-26,-28123.44,CREDIT,CORP_22,FAILED,EUR,REF46416
TXN000220,ACC00263,2022-05-07,93872.19,TRANSFER,CORP_26,COMPLETED,CHF,REF99950
TXN000221,ACC00220,2023-06-01,-27567.79,INTEREST,CORP_28,FAILED,EUR,REF85660
TXN000222,ACC00036,2023-11-19,70850.25,CREDIT,CORP_18,FAILED,USD,REF29305
TXN000223,ACC00270,2024-04-10,-23508.91,TRANSFER,CORP_50,FAILED,EUR,REF24047
TXN000224,ACC00101,2021-05-23,24939.67,INTEREST,CORP_18,CANCELLED,CHF,REF41531
TXN000225,ACC00129,2021-07-14,99334.27,FEE,CORP_42,CANCELLED,GBP,
TXN000226,ACC00158,2022-03-25,77408.49,FEE,CORP_23,,USD,REF44964
TXN000227,ACC00079,2021-12-03,27551.05,INTEREST,CORP_39,COMPLETED,EUR,
TXN000228,ACC00293,2021-08-25,58084.05,FEE,CORP_32,CANCELLED,CHF,REF69328
TXN000229,ACC00189,2022-07-16,67799.94,DEBIT,CORP_10,,USD,REF25509
TXN000230,ACC00149,2024-07-06,-4994.87,INTEREST,CORP_7,PENDING,USD,REF21018
TXN000231,ACC00154,2020-09-30,34320.77,DEBIT,CORP_32,CANCELLED,USD,REF37795
TXN000232,ACC00017,2020-10-09,35175.18,INTEREST,CORP_41,PENDING,EUR,REF75823
TXN000233,ACC00258,2022-04-25,9760.29,DEBIT,CORP_2,PENDING,GBP,REF53743
TXN000234,ACC00051,2023-05-18,53581.48,FEE,,PENDING,USD,
TXN000235,ACC00048,2023-12-04,-40994.54,FEE,,CANCELLED,GBP,REF22820
TXN000236,ACC00232,2024-12-20,72072.71,CREDIT,,PENDING,EUR,
TXN000237,ACC00269,2024-03-12,21480.91,TRANSFER,CORP_12,,CHF,REF65389
TXN000238,ACC00203,2022-11-15,44479.33,DEBIT,CORP_44,,CHF,REF34831
TXN000239,ACC00035,2021-09-04,17478.22,INTEREST,CORP_20,,CHF,REF87863
TXN000240,ACC00223,2024-09-22,198.48,FEE,CORP_7,CANCELLED,USD,REF89619
TXN000241,ACC00001,2023-12-07,4144.3,FEE,CORP_43,CANCELLED,GBP,REF66828
TXN000242,ACC00258,2023-01-26,34052.51,INTEREST,CORP_50,FAILED,EUR,
TXN000243,ACC00004,2024-10-28,89776.69,TRANSFER,CORP_30,COMPLETED,GBP,
TXN000244,ACC00014,2021-10-04,-11342.78,INTEREST,CORP_43,FAILED,USD,REF24559
TXN000245,ACC00110,2023-12-28,-47024.7,DEBIT,CORP_33,PENDING,EUR,REF16964
TXN000246,ACC00277,2024-02-18,-31814.38,DEBIT,CORP_22,CANCELLED,GBP,REF85396
TXN000247,ACC00054,2023-02-07,80105.29,CREDIT,CORP_35,CANCELLED,GBP,REF18630
TXN000248,ACC00289,2023-07-19,94467.48,INTEREST,CORP_49,PENDING,CHF,REF46105
TXN000249,ACC00011,2021-03-21,-20156.28,FEE,,CANCELLED,GBP,REF91293
TXN000250,ACC00241,2021-02-15,36384.17,CREDIT,CORP_8,CANCELLED,GBP,REF63026
TXN000251,ACC00215,2021-03-05,47369.64,INTEREST,CORP_21,,USD,REF23278
TXN000252,ACC00197,2023-07-02,-23819.17,INTEREST,CORP_29,COMPLETED,EUR,REF45162
TXN000253,ACC00068,2024-01-03,67046.36,FEE,CORP_3,FAILED,CHF,REF32417
TXN000254,ACC00075,2021-08-18,3266.36,TRANSFER,CORP_43,PENDING,USD,REF55564
TXN000255,ACC00275,2023-11-07,50978.93,INTEREST,CORP_20,,GBP,REF88159
TXN000256,ACC00096,2021-12-08,23124.06,CREDIT,CORP_11,PENDING,EUR,REF10407
TXN000257,ACC00248,2023-10-09,60478.92,FEE,CORP_9,FAILED,CHF,
TXN000258,ACC00172,2020-09-28,83444.87,DEBIT,CORP_25,COMPLETED,CHF,REF91542
TXN000259,ACC00036,2023-12-25,7160.65,TRANSFER,CORP_8,CANCELLED,EUR,REF50019
TXN000260,ACC00202,2023-08-24,-7021.46,FEE,CORP_32,FAILED,GBP,REF41276
TXN000261,ACC00016,2020-12-30,44756.83,CREDIT,CORP_44,FAILED,EUR,REF99318
TXN000262,ACC00067,2022-10-28,-28272.75,INTEREST,CORP_31,PENDING,CHF,
TXN000263,ACC00155,2023-01-16,-24863.67,CREDIT,CORP_11,CANCELLED,GBP,REF69666
TXN000264,ACC00014,2023-11-22,71157.57,INTEREST,CORP_26,CANCELLED,GBP,
TXN000265,ACC00121,2023-07-28,608.25,FEE,CORP_38,CANCELLED,GBP,
TXN000266,ACC00264,2021-10-22,44691.01,TRANSFER,CORP_40,,EUR,REF53785
TXN000267,ACC00260,2023-12-25,35745.64,FEE,CORP_50,FAILED,EUR,
TXN000268,ACC00233,2020-08-24,77335.12,CREDIT,CORP_21,FAILED,GBP,REF20089
TXN000269,ACC00094,2024-04-07,-39298.39,CREDIT,,,USD,REF11275
TXN000270,ACC00026,2021-12-22,-25700.08,DEBIT,CORP_9,COMPLETED,CHF,REF72105
TXN000271,ACC00138,2023-02-25,-15767.31,DEBIT,CORP_23,,GBP,REF74003
TXN000272,ACC00111,2022-09-10,-2468.26,INTEREST,CORP_38,COMPLETED,EUR,REF71940
TXN000273,ACC00088,2023-04-08,-6296.55,CREDIT,,PENDING,EUR,
TXN000274,ACC00236,2023-03-14,-9879.14,DEBIT,CORP_22,PENDING,CHF,REF84352
TXN000275,ACC00222,2023-09-28,46696.64,DEBIT,CORP_28,FAILED,CHF,REF48097
TXN000276,ACC00073,2023-12-25,-9312.78,FEE,CORP_23,,USD,REF78848
TXN000277,ACC00111,2022-05-04,16734.76,INTEREST,CORP_4,,EUR,REF29212
TXN000278,ACC00292,2023-10-12,79420.97,TRANSFER,CORP_16,,USD,REF23106
TXN000279,ACC00300,2024-03-11,4474.73,FEE,CORP_20,,CHF,REF53997
TXN000280,ACC00233,2024-09-19,38037.97,INTEREST,CORP_45,CANCELLED,EUR,REF55977
TXN000281,ACC00220,2022-12-29,94828.9,INTEREST,,CANCELLED,CHF,REF43730
TXN000282,ACC00164,2021-08-08,12098.36,FEE,CORP_22,PENDING,EUR,REF43231
TXN000283,ACC00239,2024-12-02,-22417.07,DEBIT,CORP_35,CANCELLED,USD,REF11777
TXN000284,ACC00046,2024-10-01,-46534.84,DEBIT,CORP_30,COMPLETED,GBP,REF49470
TXN000285,ACC00280,2022-05-15,59165.86,TRANSFER,CORP_28,,USD,REF77873
TXN000286,ACC00008,2024-07-13,49303.38,TRANSFER,CORP_27,CANCELLED,CHF,REF88085
TXN000287,ACC00163,2020-01-27,91065.6,INTEREST,CORP_45,PENDING,CHF,REF45381
TXN000288,ACC00191,2022-12-06,55104.54,TRANSFER,CORP_2,CANCELLED,GBP,REF93859
TXN000289,ACC00209,2020-08-06,-37990.29,FEE,CORP_25,COMPLETED,GBP,
TXN000290,ACC00003,2020-02-21,-24963.43,TRANSFER,CORP_21,FAILED,GBP,REF38869
TXN000291,ACC00101,2022-02-19,-34548.6,CREDIT,CORP_32,,CHF,REF28564
TXN000292,ACC00228,2020-10-24,-40431.14,INTEREST,CORP_44,CANCELLED,USD,REF14050
TXN000293,ACC00113,2020-04-18,81803.65,CREDIT,CORP_32,FAILED,GBP,REF66455
TXN000294,ACC00222,2023-10-04,32265.06,INTEREST,CORP_49,COMPLETED,EUR,REF21701
TXN000295,ACC00093,2020-04-25,-46045.26,INTEREST,CORP_11,PENDING,CHF,REF59516
TXN000296,ACC00062,2021-02-13,9551.88,FEE,CORP_24,COMPLETED,CHF,REF45903
TXN000297,ACC00295,2021-06-30,64749.46,DEBIT,CORP_13,,USD,REF98971
TXN000298,ACC00126,2024-03-16,-37512.32,TRANSFER,CORP_5,PENDING,USD,REF68886
TXN000299,ACC00289,2024-05-27,-10632.16,CREDIT,CORP_35,COMPLETED,GBP,REF79062
TXN000300,ACC00292,2020-11-25,-26708.85,TRANSFER,CORP_17,,CHF,REF99006
TXN000301,ACC00043,2021-08-09,48224.9,INTEREST,,CANCELLED,EUR,REF53410
TXN000302,ACC00084,2023-10-31,82820.7,CREDIT,CORP_26,COMPLETED,GBP,REF64695
TXN000303,ACC00014,2021-05-28,-3594.4,CREDIT,CORP_40,PENDING,USD,REF46208
TXN000304,ACC00070,2020-10-26,-12890.52,INTEREST,CORP_6,PENDING,EUR,REF15387
TXN000305,ACC00254,2024-09-15,-7373.71,TRANSFER,CORP_38,COMPLETED,USD,REF54993
TXN000306,ACC00124,2020-05-07,43972.1,CREDIT,,CANCELLED,GBP,REF26116
TXN000307,ACC00269,2023-11-15,-30308.43,TRANSFER,CORP_5,FAILED,EUR,REF69641
TXN000308,ACC00138,2024-05-25,75777.67,CREDIT,CORP_34,PENDING,USD,REF55481
TXN000309,ACC00225,2021-08-27,-45714.31,DEBIT,CORP_14,PENDING,CHF,REF11092
TXN000310,ACC00175,2021-02-21,49532.37,FEE,CORP_5,FAILED,CHF,REF99853
TXN000311,ACC00152,2024-03-23,79055.32,INTEREST,CORP_20,,GBP,
TXN000312,ACC00192,2023-01-13,-1219.8,FEE,CORP_20,COMPLETED,EUR,REF78575
TXN000313,ACC00119,2020-03-07,21423.21,TRANSFER,CORP_35,CANCELLED,USD,REF91762
TXN000314,ACC00178,2022-01-04,96247.23,FEE,CORP_27,COMPLETED,USD,REF31313
TXN000315,ACC00019,2024-07-25,31087.62,FEE,CORP_40,FAILED,CHF,REF47782
TXN000316,ACC00199,2022-07-15,-9137.84,FEE,CORP_43,,GBP,
TXN000317,ACC00040,2020-07-28,16726.74,FEE,CORP_12,COMPLETED,EUR,REF69488
TXN000318,ACC00088,2023-06-15,95431.34,INTEREST,CORP_41,PENDING,CHF,
TXN000319,ACC00256,2024-11-12,54643.43,DEBIT,CORP_12,FAILED,CHF,REF87735
TXN000320,ACC00278,2023-10-15,-23444.5,DEBIT,CORP_14,CANCELLED,CHF,
TXN000321,ACC00118,2024-02-23,39637.63,FEE,CORP_48,CANCELLED,USD,REF10667
TXN000322,ACC00250,2023-02-24,44657.13,DEBIT,CORP_18,PENDING,GBP,REF96540
TXN000323,ACC00098,2024-11-06,45377.67,DEBIT,CORP_35,COMPLETED,CHF,REF16540
TXN000324,ACC00136,2021-04-04,34597.67,INTEREST,CORP_50,PENDING,CHF,REF55903
TXN000325,ACC00071,2024-02-29,28518.97,FEE,CORP_37,,USD,REF75797
TXN000326,ACC00284,2023-08-18,45929.24,TRANSFER,CORP_4,CANCELLED,EUR,REF83498
TXN000327,ACC00041,2023-02-23,-3550.8,FEE,CORP_24,CANCELLED,EUR,REF21272
TXN000328,ACC00232,2022-03-07,2075.25,DEBIT,CORP_16,COMPLETED,EUR,REF28696
TXN000329,ACC00033,2021-05-01,30950.22,TRANSFER,CORP_44,CANCELLED,USD,REF35785
TXN000330,ACC00032,2022-11-12,70706.16,DEBIT,CORP_28,PENDING,USD,REF20579
TXN000331,ACC00135,2024-05-25,16279.05,DEBIT,CORP_5,PENDING,GBP,REF14212
TXN000332,ACC00095,2024-06-19,4867.5,CREDIT,CORP_27,PENDING,EUR,REF56482
TXN000333,ACC00037,2024-06-23,-11028.94,CREDIT,CORP_19,FAILED,USD,REF98932
TXN000334,ACC00108,2023-11-26,-4464.06,CREDIT,CORP_17,CANCELLED,EUR,REF65386
TXN000335,ACC00232,2021-08-12,-49986.15,DEBIT,CORP_16,CANCELLED,GBP,REF22863
TXN000336,ACC00136,2023-11-20,72306.97,FEE,CORP_8,PENDING,CHF,REF49586
TXN000337,ACC00140,2023-09-22,77191.97,FEE,CORP_2,,EUR,REF32715
TXN000338,ACC00256,2020-04-06,1582.74,DEBIT,CORP_20,,CHF,REF98987
TXN000339,ACC00028,2022-02-20,20379.69,CREDIT,CORP_36,FAILED,CHF,REF85781
TXN000340,ACC00243,2022-03-04,-48752.43,DEBIT,CORP_28,,GBP,
TXN000341,ACC00092,2022-05-03,88313.26,FEE,CORP_3,PENDING,GBP,REF42770
TXN000342,ACC00212,2024-06-02,92043.63,FEE,CORP_18,,CHF,
TXN000343,ACC00181,2023-11-04,21560.06,INTEREST,CORP_17,CANCELLED,EUR,REF49460
TXN000344,ACC00065,2021-10-02,-48630.11,FEE,CORP_18,FAILED,CHF,REF48972
TXN000345,ACC00257,2023-02-04,14565.3,INTEREST,CORP_12,PENDING,USD,REF92355
TXN000346,ACC00045,2020-04-20,-6061.61,DEBIT,CORP_3,COMPLETED,USD,REF34034
TXN000347,ACC00214,2020-01-27,-15317.69,FEE,CORP_32,PENDING,USD,REF67264
TXN000348,ACC00291,2024-03-03,-48917.3,INTEREST,CORP_4,CANCELLED,USD,
TXN000349,ACC00119,2021-05-29,6046.58,FEE,CORP_6,COMPLETED,GBP,REF51059
TXN000350,ACC00015,2021-02-19,11760.38,INTEREST,CORP_20,CANCELLED,EUR,REF99805
TXN000351,ACC00090,2023-06-24,34083.15,FEE,CORP_27,,GBP,REF71391
TXN000352,ACC00247,2024-11-14,9212.81,FEE,CORP_43,PENDING,USD,REF71151
TXN000353,ACC00053,2024-05-18,-25509.58,TRANSFER,CORP_6,,CHF,REF63773
TXN000354,ACC00286,2024-10-28,60567.68,DEBIT,CORP_47,FAILED,USD,REF83257
TXN000355,ACC00257,2024-11-17,8458.49,DEBIT,CORP_16,,CHF,
TXN000356,ACC00167,2022-06-26,6753.71,FEE,CORP_48,CANCELLED,EUR,REF21590
TXN000357,ACC00166,2024-08-26,-10552.96,INTEREST,CORP_8,CANCELLED,USD,REF90636
TXN000358,ACC00029,2021-04-06,13335.91,CREDIT,CORP_38,CANCELLED,USD,REF41804
TXN000359,ACC00031,2023-07-21,-14065.73,INTEREST,CORP_34,,USD,REF58904
TXN000360,ACC00239,2023-12-14,64680.74,FEE,CORP_6,COMPLETED,USD,
TXN000361,ACC00037,2023-12-24,86493.16,DEBIT,CORP_8,COMPLETED,EUR,REF84130
TXN000362,ACC00019,2023-08-19,71136.24,INTEREST,CORP_21,FAILED,USD,REF17017
TXN000363,ACC00235,2022-01-23,52696.04,TRANSFER,CORP_38,CANCELLED,CHF,REF61466
TXN000364,ACC00067,2024-03-26,-7298.47,FEE,CORP_48,FAILED,EUR,
TXN000365,ACC00060,2023-04-20,61439.03,INTEREST,CORP_28,FAILED,GBP,REF70661
TXN000366,ACC00121,2023-01-24,71321.3,INTEREST,CORP_7,CANCELLED,USD,REF77896
TXN000367,ACC00206,2024-02-21,11935.58,TRANSFER,CORP_18,,USD,REF17123
TXN000368,ACC00282,2023-05-20,78022.3,CREDIT,CORP_17,PENDING,CHF,
TXN000369,ACC00026,2021-02-06,-22638.92,CREDIT,CORP_4,CANCELLED,EUR,REF95181
TXN000370,ACC00176,2024-05-08,-6560.71,INTEREST,CORP_24,PENDING,USD,
TXN000371,ACC00276,2024-01-24,45533.91,FEE,CORP_8,PENDING,EUR,REF48086
TXN000372,ACC00023,2021-01-31,42659.41,TRANSFER,CORP_28,,EUR,REF53425
TXN000373,ACC00300,2021-08-25,-9179.88,CREDIT,CORP_16,CANCELLED,CHF,REF25917
TXN000374,ACC00060,2022-07-08,43413.07,INTEREST,CORP_10,CANCELLED,CHF,REF98396
TXN000375,ACC00194,2020-12-29,-21831.58,FEE,CORP_46,CANCELLED,GBP,REF16949
TXN000376,ACC00243,2023-10-30,-47090.69,CREDIT,CORP_20,PENDING,USD,REF77667
TXN000377,ACC00028,2020-06-01,-42555.19,DEBIT,,,USD,
TXN000378,ACC00255,2021-01-17,30245.61,INTEREST,CORP_39,COMPLETED,GBP,REF74920
TXN000379,ACC00243,2020-12-21,-22109.36,TRANSFER,,CANCELLED,CHF,
TXN000380,ACC00037,2024-02-14,-34658.98,FEE,CORP_4,COMPLETED,CHF,REF93842
TXN000381,ACC00283,2022-11-18,-9620.73,INTEREST,CORP_43,PENDING,EUR,REF49438
TXN000382,ACC00016,2020-09-01,57279.39,CREDIT,CORP_36,PENDING,CHF,REF10845
TXN000383,ACC00278,2022-02-11,59066.06,INTEREST,CORP_41,FAILED,EUR,REF91744
TXN000384,ACC00130,2020-03-24,-15078.43,INTEREST,CORP_24,,GBP,REF25035
TXN000385,ACC00218,2022-05-27,-27397.45,CREDIT,CORP_44,FAILED,EUR,
TXN000386,ACC00149,2021-07-25,24036.93,DEBIT,CORP_16,COMPLETED,GBP,REF25864
TXN000387,ACC00115,2023-02-13,1286.93,FEE,CORP_25,PENDING,GBP,REF42401
TXN000388,ACC00128,2021-06-25,-3263.5,CREDIT,,CANCELLED,GBP,REF72094
TXN000389,ACC00107,2020-09-23,69919.35,INTEREST,CORP_17,CANCELLED,GBP,
TXN000390,ACC00273,2020-11-25,99694.52,INTEREST,CORP_49,,CHF,REF61211
TXN000391,ACC00083,2023-04-11,19552.67,TRANSFER,CORP_14,COMPLETED,USD,
TXN000392,ACC00134,2024-09-28,68713.71,INTEREST,CORP_11,FAILED,GBP,
TXN000393,ACC00045,2021-06-06,-462.7,CREDIT,CORP_41,COMPLETED,EUR,REF34123
TXN000394,ACC00185,2020-01-12,76531.94,TRANSFER,CORP_50,COMPLETED,USD,REF81659
TXN000395,ACC00186,2021-11-07,92746.61,INTEREST,CORP_3,,EUR,REF90315
TXN000396,ACC00195,2022-08-13,-41594.25,CREDIT,CORP_6,FAILED,EUR,REF96266
TXN000397,ACC00150,2023-12-24,66347.94,FEE,CORP_32,CANCELLED,EUR,REF66669
TXN000398,ACC00265,2020-11-13,-39292.3,FEE,CORP_27,CANCELLED,GBP,
TXN000399,ACC00144,2020-03-22,20522.02,INTEREST,CORP_22,PENDING,USD,
TXN000400,ACC00027,2020-11-10,-21171.16,FEE,CORP_7,FAILED,GBP,
TXN000401,ACC00115,2021-10-22,76230.89,INTEREST,CORP_45,PENDING,CHF,REF41546
TXN000402,ACC00126,2023-05-07,72587.61,TRANSFER,CORP_5,,GBP,REF81654
TXN000403,ACC00193,2020-04-14,74237.81,FEE,CORP_39,COMPLETED,EUR,REF72975
TXN000404,ACC00240,2024-05-03,-31705.77,TRANSFER,CORP_36,CANCELLED,CHF,REF97495
TXN000405,ACC00075,2023-07-04,65221.85,TRANSFER,CORP_30,COMPLETED,USD,
TXN000406,ACC00299,2023-06-14,-12655.65,TRANSFER,CORP_49,COMPLETED,GBP,REF58147
TXN000407,ACC00164,2024-09-22,65683.8,DEBIT,,CANCELLED,CHF,REF61273
TXN000408,ACC00006,2023-09-17,16444.14,CREDIT,CORP_41,CANCELLED,GBP,REF24068
TXN000409,ACC00115,2021-09-08,60642.85,INTEREST,CORP_42,FAILED,GBP,REF65683
TXN000410,ACC00215,2022-10-01,-44973.46,TRANSFER,CORP_26,CANCELLED,GBP,
TXN000411,ACC00144,2024-06-05,19125.2,INTEREST,CORP_20,PENDING,EUR,REF25745
TXN000412,ACC00235,2023-03-18,65649.4,TRANSFER,CORP_6,CANCELLED,EUR,REF11444
TXN000413,ACC00104,2023-01-31,28170.87,CREDIT,CORP_16,COMPLETED,EUR,REF14467
TXN000414,ACC00170,2022-01-03,97317.38,FEE,CORP_50,COMPLETED,USD,REF96139
TXN000415,ACC00097,2020-05-29,20923.83,INTEREST,CORP_49,FAILED,GBP,REF15587
TXN000416,ACC00082,2024-05-24,52216.35,DEBIT,CORP_39,COMPLETED,GBP,REF56494
TXN000417,ACC00008,2023-12-20,-3183.6,INTEREST,CORP_21,PENDING,GBP,REF71329
TXN000418,ACC00180,2021-10-12,-1540.52,CREDIT,CORP_48,FAILED,GBP,REF70076
TXN000419,ACC00009,2022-12-12,44374.64,TRANSFER,CORP_12,CANCELLED,USD,REF30750
TXN000420,ACC00244,2021-03-26,-43672.11,INTEREST,CORP_21,CANCELLED,GBP,REF75956
TXN000421,ACC00085,2021-01-11,90613.14,CREDIT,CORP_13,CANCELLED,USD,REF78820
TXN000422,ACC00243,2022-12-02,28138.94,TRANSFER,,COMPLETED,CHF,REF18226
TXN000423,ACC00142,2020-05-19,-12003.09,FEE,CORP_26,COMPLETED,EUR,REF29844
TXN000424,ACC00108,2024-05-29,45778.0,CREDIT,CORP_37,,EUR,REF83812
TXN000425,ACC00176,2022-10-31,-20191.46,DEBIT,CORP_2,PENDING,USD,REF28355
TXN000426,ACC00070,2020-11-22,83127.94,INTEREST,CORP_42,CANCELLED,EUR,REF96303
TXN000427,ACC00048,2022-05-01,79548.65,CREDIT,CORP_15,PENDING,EUR,REF61633
TXN000428,ACC00075,2023-01-17,-17331.76,TRANSFER,CORP_30,CANCELLED,USD,
TXN000429,ACC00073,2023-01-04,-33060.73,TRANSFER,CORP_45,FAILED,USD,REF73405
TXN000430,ACC00161,2022-04-06,44936.34,DEBIT,CORP_4,PENDING,CHF,REF71833
TXN000431,ACC00238,2020-07-07,-1322.98,INTEREST,CORP_28,PENDING,EUR,REF33642
TXN000432,ACC00222,2021-12-16,-24895.95,TRANSFER,CORP_10,COMPLETED,EUR,REF76450
TXN000433,ACC00230,2021-03-29,-8584.99,TRANSFER,,,GBP,REF78869
TXN000434,ACC00285,2024-12-14,-32052.56,TRANSFER,CORP_37,COMPLETED,GBP,REF52477
TXN000435,ACC00173,2021-03-12,68371.57,CREDIT,CORP_46,PENDING,CHF,REF86116
TXN000436,ACC00295,2023-09-20,-48660.52,CREDIT,CORP_50,FAILED,USD,REF90933
TXN000437,ACC00117,2021-11-10,-43700.99,INTEREST,CORP_30,COMPLETED,USD,REF18856
TXN000438,ACC00281,2021-11-09,67521.29,DEBIT,CORP_32,,EUR,
TXN000439,ACC00298,2022-01-08,21290.6,INTEREST,CORP_46,CANCELLED,USD,REF30863
TXN000440,ACC00053,2021-08-24,39431.84,DEBIT,CORP_18,PENDING,USD,REF97197
TXN000441,ACC00071,2021-03-23,5709.8,FEE,CORP_32,COMPLETED,CHF,
TXN000442,ACC00096,2024-03-21,-36578.01,TRANSFER,CORP_28,COMPLETED,GBP,REF72444
TXN000443,ACC00222,2023-06-20,-26345.23,DEBIT,CORP_39,FAILED,GBP,REF40347
TXN000444,ACC00108,2022-12-22,-36289.77,TRANSFER,CORP_19,PENDING,GBP,REF41013
TXN000445,ACC00178,2022-08-30,42796.73,DEBIT,CORP_13,CANCELLED,CHF,
TXN000446,ACC00212,2023-02-23,89627.32,FEE,CORP_27,FAILED,EUR,REF60342
TXN000447,ACC00106,2024-08-13,99545.97,DEBIT,CORP_2,PENDING,CHF,REF65057
TXN000448,ACC00171,2024-03-20,43769.85,INTEREST,CORP_17,PENDING,EUR,REF18116
TXN000449,ACC00043,2023-08-22,-41033.73,CREDIT,CORP_29,COMPLETED,CHF,REF25004
TXN000450,ACC00285,2020-01-19,46686.23,TRANSFER,CORP_24,,CHF,
TXN000451,ACC00252,2020-08-22,55199.22,CREDIT,CORP_42,PENDING,EUR,REF67872
TXN000452,ACC00244,2023-10-01,68719.94,DEBIT,CORP_1,CANCELLED,USD,REF89499
TXN000453,ACC00292,2021-12-09,-31125.88,INTEREST,CORP_21,COMPLETED,GBP,REF13861
TXN000454,ACC00163,2022-07-01,-15098.81,DEBIT,CORP_26,,USD,REF52094
TXN000455,ACC00053,2021-05-07,97251.36,FEE,CORP_46,COMPLETED,GBP,
TXN000456,ACC00012,2023-08-08,68284.27,FEE,CORP_28,CANCELLED,EUR,REF27460
TXN000457,ACC00017,2023-06-10,63504.63,FEE,CORP_17,FAILED,EUR,REF85206
TXN000458,ACC00181,2023-06-26,70828.81,DEBIT,,CANCELLED,USD,REF35653
TXN000459,ACC00006,2021-05-14,15807.83,FEE,CORP_4,COMPLETED,CHF,REF67345
TXN000460,ACC00144,2020-03-22,-21055.21,DEBIT,CORP_16,,CHF,REF39556
TXN000461,ACC00100,2023-10-29,53387.5,DEBIT,CORP_23,COMPLETED,EUR,REF31245
TXN000462,ACC00185,2024-12-18,3725.12,INTEREST,CORP_43,COMPLETED,USD,REF79275
TXN000463,ACC00242,2021-10-19,-29790.17,TRANSFER,CORP_39,CANCELLED,CHF,REF35204
TXN000464,ACC00103,2022-02-20,84799.46,CREDIT,CORP_3,PENDING,CHF,
TXN000465,ACC00054,2024-06-18,22795.32,TRANSFER,,PENDING,CHF,
TXN000466,ACC00241,2020-08-20,15625.0,CREDIT,CORP_25,FAILED,CHF,REF22609
TXN000467,ACC00261,2022-03-01,-5792.81,CREDIT,CORP_26,PENDING,GBP,REF28423
TXN000468,ACC00018,2021-06-09,54555.67,DEBIT,CORP_9,PENDING,USD,REF57128
TXN000469,ACC00045,2023-01-11,-21533.62,FEE,CORP_36,COMPLETED,USD,REF84487
TXN000470,ACC00212,2024-01-22,-22005.99,FEE,,COMPLETED,EUR,REF19432
TXN000471,ACC00043,2021-08-02,2149.7,FEE,CORP_11,CANCELLED,USD,REF99438
TXN000472,ACC00034,2020-02-20,59860.36,TRANSFER,CORP_22,COMPLETED,USD,REF94178
TXN000473,ACC00158,2022-11-24,-8701.33,FEE,CORP_9,COMPLETED,EUR,REF34921
TXN000474,ACC00110,2024-08-10,74702.44,INTEREST,,FAILED,CHF,REF84759
TXN000475,ACC00022,2024-04-26,87171.1,DEBIT,CORP_28,PENDING,GBP,REF75647
TXN000476,ACC00212,2022-02-06,33178.05,FEE,CORP_8,COMPLETED,GBP,REF91065
TXN000477,ACC00199,2022-11-19,-39668.51,FEE,CORP_9,PENDING,USD,REF28071
TXN000478,ACC00176,2024-07-02,-26746.18,FEE,CORP_18,COMPLETED,GBP,REF67524
TXN000479,ACC00101,2022-11-07,-5649.1,TRANSFER,CORP_28,PENDING,GBP,REF59298
TXN000480,ACC00097,2022-07-01,-10497.61,DEBIT,CORP_17,PENDING,EUR,REF84599
TXN000481,ACC00293,2022-09-23,5066.91,INTEREST,CORP_49,COMPLETED,USD,
TXN000482,ACC00220,2020-03-30,-49892.03,FEE,CORP_34,CANCELLED,USD,REF49089
TXN000483,ACC00132,2021-08-30,45703.91,CREDIT,CORP_11,,EUR,
TXN000484,ACC00192,2023-08-27,6856.54,TRANSFER,CORP_32,COMPLETED,USD,REF16747
TXN000485,ACC00147,2021-01-29,-22169.86,FEE,CORP_10,FAILED,GBP,REF53374
TXN000486,ACC00096,2021-10-18,-47192.02,FEE,CORP_43,FAILED,EUR,
TXN000487,ACC00213,2022-11-18,78524.39,TRANSFER,CORP_29,,USD,REF47997
TXN000488,ACC00169,2020-06-17,66402.49,INTEREST,,PENDING,GBP,REF42949
TXN000489,ACC00267,2020-07-15,-14182.02,CREDIT,CORP_15,,USD,REF56911
TXN000490,ACC00185,2020-12-08,58150.53,CREDIT,CORP_31,PENDING,GBP,
TXN000491,ACC00108,2024-05-02,48743.41,INTEREST,CORP_46,,EUR,REF47757
TXN000492,ACC00200,2023-01-06,30843.48,TRANSFER,CORP_8,CANCELLED,USD,
TXN000493,ACC00245,2022-12-28,8123.63,FEE,CORP_32,CANCELLED,USD,REF77863
TXN000494,ACC00114,2020-01-16,28610.47,INTEREST,,COMPLETED,EUR,REF75542
TXN000495,ACC00221,2023-07-07,24632.37,TRANSFER,CORP_46,PENDING,EUR,REF91087
TXN000496,ACC00089,2020-05-14,32720.17,TRANSFER,CORP_30,PENDING,GBP,
TXN000497,ACC00054,2021-03-07,41955.89,TRANSFER,CORP_47,COMPLETED,GBP,REF24532
TXN000498,ACC00001,2023-10-04,-1609.99,TRANSFER,CORP_8,FAILED,GBP,REF44478
TXN000499,ACC00211,2023-07-13,46135.59,CREDIT,CORP_14,FAILED,EUR,REF14230
TXN000500,ACC00172,2024-05-03,-33430.38,TRANSFER,CORP_12,PENDING,GBP,REF44194
TXN000501,ACC00256,2021-03-12,28480.08,INTEREST,CORP_48,COMPLETED,USD,REF17784
TXN000502,ACC00232,2024-11-06,-39998.02,FEE,CORP_18,CANCELLED,CHF,
TXN000503,ACC00171,2023-11-04,75279.0,FEE,CORP_43,FAILED,GBP,REF53202
TXN000504,ACC00055,2022-05-18,-30533.86,DEBIT,CORP_38,COMPLETED,GBP,REF96944
TXN000505,ACC00096,2024-09-07,81023.92,INTEREST,CORP_1,CANCELLED,EUR,REF18169
TXN000506,ACC00243,2020-07-31,-19688.15,DEBIT,CORP_37,PENDING,EUR,REF19556
TXN000507,ACC00184,2021-02-25,22805.54,INTEREST,CORP_5,CANCELLED,GBP,REF83905
TXN000508,ACC00192,2023-01-06,-35186.96,TRANSFER,CORP_32,PENDING,USD,REF14634
TXN000509,ACC00032,2024-08-24,35651.83,DEBIT,CORP_22,COMPLETED,GBP,REF19275
TXN000510,ACC00149,2023-12-10,75444.93,TRANSFER,,FAILED,USD,REF88400
TXN000511,ACC00100,2024-12-04,48688.19,INTEREST,CORP_44,,GBP,REF20563
TXN000512,ACC00024,2024-02-27,28873.2,CREDIT,CORP_24,FAILED,EUR,REF72753
TXN000513,ACC00105,2024-05-06,55197.1,CREDIT,CORP_7,COMPLETED,EUR,REF45456
TXN000514,ACC00096,2022-06-10,-11609.22,CREDIT,CORP_10,COMPLETED,CHF,REF23639
TXN000515,ACC00191,2023-08-17,4953.1,CREDIT,,PENDING,GBP,
TXN000516,ACC00289,2024-07-30,40893.04,FEE,CORP_46,CANCELLED,USD,REF95240
TXN000517,ACC00247,2020-05-27,-39368.91,CREDIT,CORP_30,FAILED,CHF,REF72599
TXN000518,ACC00202,2024-03-09,89531.66,INTEREST,CORP_18,,USD,REF39852
TXN000519,ACC00219,2023-11-06,-18689.29,CREDIT,CORP_1,CANCELLED,GBP,
TXN000520,ACC00101,2020-11-10,23710.83,FEE,CORP_3,COMPLETED,GBP,
TXN000521,ACC00004,2020-02-18,83465.1,TRANSFER,CORP_29,,USD,REF35712
TXN000522,ACC00063,2022-07-29,-38006.48,DEBIT,CORP_47,,CHF,REF59727
TXN000523,ACC00208,2024-01-08,70152.99,TRANSFER,CORP_37,PENDING,USD,REF12371
TXN000524,ACC00106,2021-11-10,-40894.97,TRANSFER,CORP_4,FAILED,CHF,REF16834
TXN000525,ACC00237,2020-03-18,33702.98,DEBIT,CORP_19,COMPLETED,USD,REF59444
TXN000526,ACC00217,2020-06-28,90736.58,CREDIT,CORP_4,,CHF,REF66324
TXN000527,ACC00015,2020-05-30,12392.98,CREDIT,CORP_36,FAILED,GBP,REF82029
TXN000528,ACC00132,2020-04-21,5360.3,INTEREST,CORP_25,CANCELLED,USD,
TXN000529,ACC00126,2020-12-30,56265.07,CREDIT,,PENDING,CHF,REF90694
TXN000530,ACC00050,2024-06-14,73546.44,CREDIT,CORP_16,FAILED,EUR,REF58196
TXN000531,ACC00125,2021-05-30,-10127.65,INTEREST,CORP_26,PENDING,CHF,REF54974
TXN000532,ACC00265,2023-02-16,-43902.03,DEBIT,,FAILED,USD,REF17592
TXN000533,ACC00106,2020-05-24,-39441.78,INTEREST,CORP_11,CANCELLED,CHF,REF22057
TXN000534,ACC00113,2023-03-23,-4414.32,CREDIT,CORP_26,COMPLETED,USD,REF39769
TXN000535,ACC00249,2024-08-09,91690.52,CREDIT,CORP_49,FAILED,USD,REF80283
TXN000536,ACC00237,2021-04-11,94088.01,CREDIT,CORP_10,COMPLETED,USD,REF11952
TXN000537,ACC00174,2021-06-13,-35432.11,INTEREST,CORP_32,,CHF,REF42757
TXN000538,ACC00228,2022-04-14,58775.79,DEBIT,CORP_48,,USD,REF20041
TXN000539,ACC00068,2022-03-05,29749.16,FEE,CORP_20,CANCELLED,GBP,
TXN000540,ACC00136,2022-07-12,-21580.94,INTEREST,CORP_39,CANCELLED,EUR,REF47040
TXN000541,ACC00240,2023-07-14,28928.8,DEBIT,CORP_43,,GBP,
TXN000542,ACC00011,2022-04-08,-12685.55,CREDIT,,PENDING,USD,REF95879
TXN000543,ACC00007,2022-06-05,43798.76,DEBIT,CORP_13,,USD,REF48327
TXN000544,ACC00079,2021-10-09,-23165.32,TRANSFER,CORP_25,,CHF,
TXN000545,ACC00032,2020-02-04,62379.15,TRANSFER,CORP_37,COMPLETED,USD,REF96190
TXN000546,ACC00103,2022-03-08,12277.69,FEE,CORP_6,PENDING,EUR,
TXN000547,ACC00267,2023-10-10,-34172.87,CREDIT,CORP_24,COMPLETED,USD,
TXN000548,ACC00049,2020-08-30,45793.64,FEE,CORP_28,,EUR,REF81256
TXN000549,ACC00023,2022-12-31,3694.5,TRANSFER,CORP_6,COMPLETED,CHF,REF56787
TXN000550,ACC00283,2020-01-13,18808.09,FEE,,FAILED,USD,REF38873
TXN000551,ACC00294,2023-08-06,49786.35,TRANSFER,CORP_30,PENDING,CHF,REF49677
TXN000552,ACC00102,2024-01-15,82423.6,TRANSFER,CORP_42,CANCELLED,CHF,REF82273
TXN000553,ACC00296,2023-06-20,-24978.6,DEBIT,CORP_10,PENDING,EUR,REF95674
TXN000554,ACC00268,2020-05-09,-22940.52,CREDIT,CORP_34,,USD,REF45066
TXN000555,ACC00212,2024-03-28,10233.58,TRANSFER,CORP_34,COMPLETED,EUR,REF80964
TXN000556,ACC00130,2024-03-07,626.93,CREDIT,,COMPLETED,EUR,REF17077
TXN000557,ACC00197,2023-04-14,-26273.53,FEE,CORP_6,PENDING,CHF,REF63848
TXN000558,ACC00183,2020-04-03,99765.04,FEE,CORP_31,FAILED,CHF,REF91509
TXN000559,ACC00131,2023-12-06,16451.83,TRANSFER,CORP_9,CANCELLED,EUR,REF20282
TXN000560,ACC00017,2024-10-03,2848.61,CREDIT,CORP_20,FAILED,EUR,REF27974
TXN000561,ACC00100,2020-05-28,-2726.75,TRANSFER,CORP_34,PENDING,EUR,REF78287
TXN000562,ACC00293,2022-01-02,98719.45,TRANSFER,CORP_37,PENDING,EUR,REF82478
TXN000563,ACC00123,2022-10-26,-1301.88,DEBIT,,CANCELLED,USD,REF58809
TXN000564,ACC00167,2020-08-05,5757.93,FEE,,PENDING,USD,REF28607
TXN000565,ACC00278,2021-08-16,64627.66,CREDIT,,COMPLETED,EUR,
TXN000566,ACC00163,2024-05-30,14588.21,FEE,CORP_28,PENDING,GBP,REF67708
TXN000567,ACC00199,2023-11-05,58880.15,DEBIT,CORP_30,,USD,REF69475
TXN000568,ACC00090,2021-09-09,41262.01,INTEREST,CORP_37,CANCELLED,EUR,REF12790
TXN000569,ACC00029,2023-05-27,34471.71,FEE,CORP_23,FAILED,EUR,REF14424
TXN000570,ACC00118,2020-06-26,-17910.78,DEBIT,CORP_6,PENDING,EUR,REF87101
TXN000571,ACC00165,2021-07-30,64856.23,FEE,CORP_2,FAILED,GBP,REF21074
TXN000572,ACC00148,2024-04-16,88922.04,CREDIT,CORP_43,FAILED,EUR,
TXN000573,ACC00017,2022-06-15,-11886.63,DEBIT,CORP_12,COMPLETED,USD,REF60323
TXN000574,ACC00002,2022-02-20,94247.77,INTEREST,CORP_3,,USD,REF60146
TXN000575,ACC00027,2022-03-20,17124.97,FEE,,CANCELLED,CHF,REF15821
TXN000576,ACC00248,2024-08-10,9563.58,DEBIT,CORP_20,FAILED,CHF,REF59719
TXN000577,ACC00188,2023-09-15,58946.99,INTEREST,CORP_47,COMPLETED,USD,REF66503
TXN000578,ACC00145,2020-03-04,97443.47,CREDIT,CORP_43,PENDING,GBP,REF96560
TXN000579,ACC00030,2022-08-28,39364.42,FEE,CORP_17,FAILED,GBP,REF80981
TXN000580,ACC00063,2020-11-16,27641.4,TRANSFER,CORP_12,FAILED,CHF,REF13406
TXN000581,ACC00192,2022-12-28,99011.8,CREDIT,CORP_6,PENDING,USD,REF54068
TXN000582,ACC00294,2021-03-26,-4723.75,CREDIT,CORP_39,PENDING,USD,REF44410
TXN000583,ACC00143,2020-10-06,-4949.91,CREDIT,CORP_44,,EUR,REF87458
TXN000584,ACC00035,2024-03-09,-16716.99,CREDIT,CORP_35,COMPLETED,GBP,REF13584
TXN000585,ACC00236,2022-03-11,78358.06,INTEREST,,PENDING,EUR,REF91465
TXN000586,ACC00142,2024-06-19,-46744.79,TRANSFER,CORP_1,PENDING,EUR,REF66039
TXN000587,ACC00269,2024-06-21,73290.99,FEE,CORP_31,,EUR,REF17486
TXN000588,ACC00080,2024-10-05,53457.88,CREDIT,CORP_26,CANCELLED,EUR,REF82521
TXN000589,ACC00193,2023-01-22,-8606.43,FEE,CORP_48,,GBP,REF98862
TXN000590,ACC00117,2021-08-27,33049.47,DEBIT,CORP_32,FAILED,EUR,REF80092
TXN000591,ACC00112,2023-07-22,33448.46,CREDIT,CORP_40,PENDING,CHF,REF85052
TXN000592,ACC00115,2020-10-22,88888.37,CREDIT,CORP_44,CANCELLED,USD,REF78014
TXN000593,ACC00056,2021-09-02,-26792.78,FEE,CORP_44,COMPLETED,EUR,REF59976
TXN000594,ACC00014,2023-10-19,-44339.55,TRANSFER,CORP_20,COMPLETED,USD,REF41224
TXN000595,ACC00132,2024-12-21,3348.36,DEBIT,,CANCELLED,EUR,
TXN000596,ACC00080,2024-06-16,-29238.77,TRANSFER,CORP_13,COMPLETED,USD,
TXN000597,ACC00252,2024-11-10,5062.43,FEE,CORP_2,PENDING,CHF,REF45965
TXN000598,ACC00170,2024-02-02,37323.36,INTEREST,CORP_13,COMPLETED,CHF,
TXN000599,ACC00046,2023-08-19,-15050.88,CREDIT,CORP_14,PENDING,USD,REF81146
TXN000600,ACC00209,2022-02-03,71661.14,INTEREST,CORP_10,PENDING,GBP,REF84852
TXN000601,ACC00030,2020-01-23,-36214.23,FEE,CORP_28,PENDING,GBP,REF90681
TXN000602,ACC00201,2023-02-07,9969.74,FEE,CORP_35,COMPLETED,USD,REF45225
TXN000603,ACC00243,2024-11-26,87682.27,FEE,CORP_20,PENDING,CHF,REF95594
TXN000604,ACC00125,2023-02-10,60139.89,FEE,CORP_10,,EUR,REF89691
TXN000605,ACC00227,2020-10-16,58537.08,CREDIT,CORP_2,,CHF,
TXN000606,ACC00069,2020-09-09,68935.63,INTEREST,CORP_10,PENDING,USD,REF96609
TXN000607,ACC00019,2020-03-26,-24064.63,DEBIT,CORP_29,PENDING,EUR,REF44670
TXN000608,ACC00117,2020-01-11,73855.79,CREDIT,CORP_31,,USD,REF68170
TXN000609,ACC00157,2023-03-18,53439.27,FEE,,COMPLETED,EUR,REF67659
TXN000610,ACC00290,2023-05-06,36434.87,FEE,CORP_16,CANCELLED,GBP,
TXN000611,ACC00207,2022-03-18,86148.35,CREDIT,CORP_37,CANCELLED,GBP,
TXN000612,ACC00281,2023-01-05,39284.68,INTEREST,CORP_26,FAILED,EUR,REF93590
TXN000613,ACC00172,2023-01-26,-4941.01,INTEREST,,PENDING,GBP,REF38553
TXN000614,ACC00071,2020-06-23,59618.4,TRANSFER,,PENDING,EUR,REF85965
TXN000615,ACC00090,2021-09-16,36442.55,TRANSFER,CORP_46,PENDING,GBP,REF46234
TXN000616,ACC00119,2021-03-06,-38228.39,TRANSFER,CORP_27,CANCELLED,EUR,REF82279
TXN000617,ACC00257,2024-03-12,-41611.59,FEE,CORP_48,PENDING,EUR,REF18394
TXN000618,ACC00011,2024-02-27,65635.23,CREDIT,CORP_47,,USD,REF43817
TXN000619,ACC00172,2024-01-26,2189.53,CREDIT,CORP_19,PENDING,USD,REF46194
TXN000620,ACC00156,2021-12-05,72571.26,TRANSFER,,FAILED,CHF,REF74871
TXN000621,ACC00172,2021-03-09,12478.26,INTEREST,CORP_33,FAILED,GBP,
TXN000622,ACC00295,2022-04-25,80174.66,TRANSFER,CORP_40,,USD,REF29254
TXN000623,ACC00045,2023-08-15,80467.98,CREDIT,CORP_32,CANCELLED,CHF,REF95980
TXN000624,ACC00285,2024-10-09,-15992.35,FEE,CORP_4,PENDING,USD,
TXN000625,ACC00135,2022-11-15,47916.88,TRANSFER,CORP_28,FAILED,GBP,
TXN000626,ACC00285,2020-10-18,40345.25,DEBIT,CORP_36,CANCELLED,GBP,
TXN000627,ACC00051,2020-11-25,-48284.84,DEBIT,,COMPLETED,GBP,REF67712
TXN000628,ACC00064,2021-01-11,66612.79,INTEREST,CORP_27,FAILED,EUR,REF15499
TXN000629,ACC00058,2021-03-28,7373.04,CREDIT,CORP_8,CANCELLED,GBP,REF39878
TXN000630,ACC00013,2023-06-17,-4282.49,FEE,CORP_42,CANCELLED,CHF,
TXN000631,ACC00024,2024-09-05,-43822.66,DEBIT,CORP_45,PENDING,GBP,REF43954
TXN000632,ACC00205,2021-06-01,30989.46,TRANSFER,CORP_11,CANCELLED,GBP,REF12112
TXN000633,ACC00061,2021-02-01,-27563.0,FEE,CORP_13,CANCELLED,EUR,REF56312
TXN000634,ACC00247,2020-08-22,25360.24,CREDIT,CORP_29,CANCELLED,EUR,REF15863
TXN000635,ACC00045,2021-01-06,-16880.42,TRANSFER,CORP_15,,USD,REF55839
TXN000636,ACC00179,2023-10-06,-42422.03,FEE,CORP_44,,USD,
TXN000637,ACC00096,2024-06-25,59736.79,CREDIT,CORP_39,CANCELLED,GBP,REF24835
TXN000638,ACC00219,2023-03-07,8932.41,FEE,CORP_46,PENDING,USD,REF41061
TXN000639,ACC00243,2024-10-11,16842.44,DEBIT,CORP_9,CANCELLED,CHF,REF84758
TXN000640,ACC00027,2020-04-21,39269.83,DEBIT,CORP_47,COMPLETED,CHF,REF99262
TXN000641,ACC00167,2024-10-09,25709.4,CREDIT,CORP_27,CANCELLED,CHF,REF94133
TXN000642,ACC00166,2024-03-18,-16687.16,DEBIT,CORP_44,CANCELLED,EUR,REF47104
TXN000643,ACC00257,2023-01-29,-6532.55,CREDIT,CORP_24,COMPLETED,EUR,
TXN000644,ACC00156,2022-08-02,9148.36,INTEREST,CORP_11,FAILED,CHF,REF57223
TXN000645,ACC00276,2023-08-13,-30171.64,DEBIT,CORP_19,,GBP,REF63495
TXN000646,ACC00004,2023-01-30,-37618.23,FEE,CORP_6,,USD,REF59114
TXN000647,ACC00211,2020-05-29,35716.09,FEE,CORP_9,PENDING,EUR,REF48543
TXN000648,ACC00177,2021-08-18,-42603.34,CREDIT,CORP_11,,GBP,REF31012
TXN000649,ACC00235,2023-10-07,9878.69,INTEREST,CORP_7,PENDING,USD,REF48125
TXN000650,ACC00034,2020-05-17,-37238.15,TRANSFER,CORP_32,FAILED,USD,REF87493
TXN000651,ACC00045,2021-05-28,25273.47,FEE,CORP_14,CANCELLED,CHF,
TXN000652,ACC00170,2020-07-20,66073.77,INTEREST,CORP_2,CANCELLED,GBP,REF51039
TXN000653,ACC00175,2021-02-08,-30443.72,FEE,CORP_17,FAILED,GBP,REF76608
TXN000654,ACC00290,2024-01-26,-29769.39,CREDIT,CORP_11,CANCELLED,CHF,REF55095
TXN000655,ACC00031,2023-04-04,33894.43,CREDIT,CORP_33,FAILED,CHF,REF59655
TXN000656,ACC00032,2022-09-24,23179.16,TRANSFER,,CANCELLED,CHF,REF14272
TXN000657,ACC00234,2021-11-08,47837.27,CREDIT,,,CHF,REF29670
TXN000658,ACC00236,2022-01-01,-20585.1,TRANSFER,CORP_40,,GBP,REF95093
TXN000659,ACC00261,2020-09-19,42399.53,CREDIT,CORP_36,CANCELLED,USD,
TXN000660,ACC00265,2023-10-06,60350.16,FEE,CORP_17,COMPLETED,USD,
TXN000661,ACC00264,2023-09-04,-13063.12,CREDIT,CORP_23,FAILED,CHF,REF39436
TXN000662,ACC00080,2021-04-25,-39253.4,DEBIT,CORP_50,PENDING,CHF,REF85292
TXN000663,ACC00197,2020-07-23,66515.78,INTEREST,CORP_18,CANCELLED,CHF,REF64798
TXN000664,ACC00172,2021-08-06,-1488.25,FEE,CORP_45,PENDING,CHF,REF25891
TXN000665,ACC00142,2023-06-22,88620.71,INTEREST,CORP_39,PENDING,USD,REF79174
TXN000666,ACC00052,2020-05-22,-36560.8,DEBIT,CORP_46,PENDING,CHF,REF89574
TXN000667,ACC00121,2021-01-31,50762.13,INTEREST,,COMPLETED,EUR,REF78740
TXN000668,ACC00186,2021-10-12,13531.09,DEBIT,CORP_30,COMPLETED,CHF,REF51541
TXN000669,ACC00205,2022-09-22,2246.18,CREDIT,CORP_49,,USD,REF85398
TXN000670,ACC00121,2022-07-11,-1889.25,CREDIT,CORP_7,FAILED,EUR,REF41985
TXN000671,ACC00119,2021-11-03,39081.57,DEBIT,CORP_40,CANCELLED,USD,REF57443
TXN000672,ACC00264,2023-06-16,-46368.98,FEE,CORP_7,CANCELLED,GBP,REF51263
TXN000673,ACC00208,2023-09-12,-4277.17,CREDIT,CORP_3,CANCELLED,EUR,REF25127
TXN000674,ACC00015,2021-09-18,98147.79,FEE,CORP_11,CANCELLED,USD,REF68328
TXN000675,ACC00143,2023-11-21,42433.15,INTEREST,CORP_14,FAILED,EUR,REF63729
TXN000676,ACC00081,2023-04-11,98523.88,CREDIT,CORP_11,CANCELLED,GBP,REF56135
TXN000677,ACC00112,2020-11-08,16331.52,DEBIT,CORP_46,CANCELLED,CHF,REF20019
TXN000678,ACC00102,2023-03-04,-28127.23,DEBIT,CORP_33,FAILED,USD,REF95633
TXN000679,ACC00239,2023-03-06,-43268.37,CREDIT,CORP_7,,EUR,REF40192
TXN000680,ACC00094,2022-01-16,72725.79,DEBIT,CORP_24,COMPLETED,EUR,REF64899
TXN000681,ACC00253,2024-07-12,-20047.22,CREDIT,CORP_9,CANCELLED,GBP,REF26420
TXN000682,ACC00258,2021-10-09,6073.12,TRANSFER,CORP_13,COMPLETED,GBP,REF42105
TXN000683,ACC00206,2022-05-27,63660.07,CREDIT,CORP_27,COMPLETED,USD,REF63427
TXN000684,ACC00292,2020-12-11,77914.62,FEE,CORP_1,CANCELLED,GBP,REF97281
TXN000685,ACC00069,2020-01-10,-33144.24,INTEREST,CORP_31,,CHF,
TXN000686,ACC00091,2021-10-03,-41819.3,DEBIT,CORP_33,PENDING,USD,REF47602
TXN000687,ACC00224,2021-05-19,92341.14,INTEREST,CORP_18,PENDING,CHF,REF25461
TXN000688,ACC00233,2024-05-28,89009.45,CREDIT,CORP_49,CANCELLED,USD,
TXN000689,ACC00097,2021-03-29,80312.85,CREDIT,CORP_41,FAILED,USD,REF29450
TXN000690,ACC00219,2023-12-29,73020.09,CREDIT,CORP_10,FAILED,USD,REF92920
TXN000691,ACC00182,2024-02-24,-47940.01,FEE,CORP_34,,EUR,REF35965
TXN000692,ACC00027,2023-08-05,54069.28,INTEREST,CORP_15,CANCELLED,USD,REF69515
TXN000693,ACC00133,2022-06-12,-33308.3,INTEREST,CORP_28,FAILED,EUR,
TXN000694,ACC00275,2021-07-20,17509.24,DEBIT,CORP_27,COMPLETED,USD,
TXN000695,ACC00123,2024-09-16,-46587.78,CREDIT,CORP_34,CANCELLED,CHF,REF82689
TXN000696,ACC00146,2022-01-06,-18648.57,DEBIT,CORP_24,CANCELLED,EUR,REF71585
TXN000697,ACC00155,2020-10-02,30700.82,FEE,CORP_29,PENDING,CHF,REF26567
TXN000698,ACC00113,2023-10-23,-19429.8,TRANSFER,CORP_1,PENDING,GBP,REF66547
TXN000699,ACC00017,2024-02-10,28489.88,FEE,CORP_34,CANCELLED,EUR,
TXN000700,ACC00238,2021-11-10,-11201.3,TRANSFER,CORP_6,COMPLETED,EUR,REF19570
TXN000701,ACC00020,2024-12-02,22453.95,CREDIT,CORP_26,FAILED,EUR,
TXN000702,ACC00213,2022-09-09,59488.54,INTEREST,CORP_11,COMPLETED,CHF,REF60870
TXN000703,ACC00122,2022-08-05,-28797.89,INTEREST,CORP_26,PENDING,USD,REF56447
TXN000704,ACC00235,2022-07-01,54813.28,DEBIT,CORP_43,FAILED,EUR,
TXN000705,ACC00158,2022-01-04,-47241.72,TRANSFER,CORP_10,,USD,REF41645
TXN000706,ACC00171,2024-05-05,37450.74,DEBIT,CORP_4,CANCELLED,GBP,REF25601
TXN000707,ACC00053,2021-09-17,49529.25,CREDIT,CORP_46,PENDING,USD,REF54124
TXN000708,ACC00263,2022-09-24,-43477.7,INTEREST,CORP_34,FAILED,EUR,REF90822
TXN000709,ACC00061,2023-02-03,-24452.05,DEBIT,CORP_27,PENDING,USD,
TXN000710,ACC00018,2020-08-10,-7397.97,TRANSFER,CORP_44,,EUR,REF19666
TXN000711,ACC00010,2020-12-25,68378.27,CREDIT,CORP_20,,EUR,REF56525
TXN000712,ACC00016,2023-08-15,42694.72,CREDIT,CORP_21,PENDING,CHF,REF63592
TXN000713,ACC00109,2023-05-27,-42037.21,TRANSFER,CORP_1,COMPLETED,USD,REF67106
TXN000714,ACC00060,2020-06-16,48213.68,DEBIT,CORP_34,COMPLETED,USD,REF72535
TXN000715,ACC00111,2024-09-19,-48749.87,FEE,CORP_10,COMPLETED,CHF,REF34045
TXN000716,ACC00140,2021-07-28,8296.77,DEBIT,CORP_29,CANCELLED,USD,REF87274
TXN000717,ACC00120,2024-10-24,-9303.44,TRANSFER,CORP_35,CANCELLED,GBP,REF76764
TXN000718,ACC00277,2024-08-19,77812.44,INTEREST,CORP_40,,CHF,
TXN000719,ACC00205,2020-10-13,49015.06,DEBIT,CORP_45,COMPLETED,CHF,REF87798
TXN000720,ACC00073,2024-12-30,79642.34,FEE,CORP_42,,GBP,REF98330
TXN000721,ACC00147,2023-01-08,-47138.25,DEBIT,CORP_13,PENDING,CHF,REF59725
TXN000722,ACC00134,2021-02-06,80111.57,INTEREST,CORP_6,CANCELLED,EUR,REF33163
TXN000723,ACC00289,2021-06-23,47411.67,CREDIT,,PENDING,GBP,REF87080
TXN000724,ACC00143,2024-02-11,-15324.71,DEBIT,CORP_47,CANCELLED,EUR,REF22700
TXN000725,ACC00166,2024-12-20,7105.18,CREDIT,CORP_9,FAILED,USD,REF74656
TXN000726,ACC00104,2023-07-07,96491.79,INTEREST,CORP_35,FAILED,EUR,REF83941
TXN000727,ACC00252,2020-06-05,-35059.44,FEE,CORP_6,,EUR,REF78838
TXN000728,ACC00078,2024-01-29,-2681.6,DEBIT,CORP_20,,USD,REF65927
TXN000729,ACC00250,2020-06-03,80015.91,CREDIT,CORP_49,CANCELLED,USD,REF60340
TXN000730,ACC00028,2020-02-08,29734.1,FEE,CORP_2,,EUR,REF33385
TXN000731,ACC00009,2024-10-05,-22037.39,CREDIT,,FAILED,CHF,REF15496
TXN000732,ACC00015,2022-11-04,25097.62,CREDIT,CORP_38,CANCELLED,CHF,REF37614
TXN000733,ACC00257,2023-07-17,18697.94,CREDIT,CORP_50,COMPLETED,CHF,REF46471
TXN000734,ACC00234,2020-03-04,88952.5,DEBIT,CORP_28,COMPLETED,GBP,REF90671
TXN000735,ACC00065,2024-07-22,-46776.73,CREDIT,CORP_8,,GBP,REF55527
TXN000736,ACC00067,2023-04-06,-12891.18,INTEREST,CORP_24,FAILED,USD,REF25538
TXN000737,ACC00068,2023-03-31,29412.3,TRANSFER,CORP_33,PENDING,CHF,REF73784
TXN000738,ACC00063,2022-04-09,35.45,FEE,CORP_4,FAILED,USD,REF32193
TXN000739,ACC00196,2024-04-24,9009.97,FEE,CORP_8,PENDING,GBP,REF44003
TXN000740,ACC00154,2023-04-23,-26449.21,DEBIT,CORP_37,CANCELLED,EUR,REF23909
TXN000741,ACC00260,2021-03-11,2016.99,DEBIT,CORP_30,FAILED,CHF,REF97350
TXN000742,ACC00291,2020-03-16,2786.96,DEBIT,CORP_16,COMPLETED,USD,REF22579
TXN000743,ACC00205,2023-02-03,43784.65,TRANSFER,CORP_38,PENDING,USD,REF76676
TXN000744,ACC00143,2021-06-17,-14569.29,INTEREST,CORP_41,CANCELLED,CHF,REF13584
TXN000745,ACC00040,2023-01-18,96736.64,FEE,CORP_39,COMPLETED,EUR,REF15209
TXN000746,ACC00052,2023-01-10,25187.72,FEE,CORP_20,COMPLETED,USD,REF80756
TXN000747,ACC00241,2022-08-24,71783.93,DEBIT,CORP_46,COMPLETED,CHF,REF35576
TXN000748,ACC00068,2023-09-01,43868.85,DEBIT,CORP_9,CANCELLED,USD,
TXN000749,ACC00183,2024-05-06,81801.59,INTEREST,CORP_34,,EUR,REF13378
TXN000750,ACC00283,2020-10-31,83560.31,CREDIT,CORP_7,CANCELLED,CHF,REF46941
TXN000751,ACC00214,2022-01-19,72228.8,INTEREST,CORP_38,FAILED,CHF,REF84863
TXN000752,ACC00213,2022-03-14,-45580.12,DEBIT,CORP_50,CANCELLED,GBP,REF68304
TXN000753,ACC00083,2021-04-02,33240.9,FEE,CORP_7,PENDING,CHF,REF69486
TXN000754,ACC00269,2024-12-30,-7970.92,INTEREST,CORP_28,PENDING,CHF,REF24367
TXN000755,ACC00256,2024-04-30,-27243.77,CREDIT,CORP_6,FAILED,USD,REF25720
TXN000756,ACC00138,2023-04-22,84576.3,TRANSFER,,PENDING,EUR,REF66657
TXN000757,ACC00066,2024-02-10,48539.76,TRANSFER,CORP_9,PENDING,GBP,REF21385
TXN000758,ACC00091,2024-10-21,-36830.75,FEE,CORP_29,PENDING,CHF,REF46497
TXN000759,ACC00157,2021-08-18,7331.07,CREDIT,,CANCELLED,USD,REF25264
TXN000760,ACC00188,2020-10-01,94090.85,INTEREST,CORP_26,PENDING,GBP,REF20363
TXN000761,ACC00176,2022-08-09,41867.26,DEBIT,CORP_34,,EUR,REF39155
TXN000762,ACC00003,2022-10-23,43828.69,DEBIT,CORP_17,COMPLETED,EUR,REF52875
TXN000763,ACC00300,2022-11-11,-15885.8,CREDIT,CORP_41,CANCELLED,EUR,REF53953
TXN000764,ACC00290,2020-07-04,-13945.88,INTEREST,CORP_29,,GBP,REF92657
TXN000765,ACC00252,2022-03-23,-27087.63,CREDIT,CORP_32,PENDING,GBP,REF98091
TXN000766,ACC00169,2022-01-15,95580.58,INTEREST,CORP_27,PENDING,EUR,REF51262
TXN000767,ACC00179,2022-10-25,86460.31,TRANSFER,CORP_10,PENDING,USD,REF15027
TXN000768,ACC00085,2020-01-22,-607.29,INTEREST,CORP_32,COMPLETED,GBP,REF78327
TXN000769,ACC00206,2023-09-19,31335.06,INTEREST,CORP_9,PENDING,USD,REF83160
TXN000770,ACC00145,2021-05-04,-18986.41,DEBIT,CORP_33,PENDING,EUR,REF92061
TXN000771,ACC00101,2024-10-02,-29213.52,FEE,CORP_8,FAILED,EUR,
TXN000772,ACC00083,2024-07-09,31203.07,DEBIT,CORP_30,CANCELLED,USD,REF11044
TXN000773,ACC00098,2023-06-11,70015.76,TRANSFER,CORP_48,CANCELLED,EUR,REF86853
TXN000774,ACC00084,2023-11-02,79388.15,CREDIT,CORP_36,,GBP,REF38863
TXN000775,ACC00197,2020-12-05,-3650.24,DEBIT,CORP_8,COMPLETED,USD,REF44771
TXN000776,ACC00286,2024-03-30,55770.46,CREDIT,CORP_27,PENDING,USD,REF73505
TXN000777,ACC00196,2022-11-18,28570.82,DEBIT,CORP_24,COMPLETED,EUR,REF75106
TXN000778,ACC00057,2020-10-14,-29712.13,FEE,CORP_3,FAILED,USD,REF36027
TXN000779,ACC00156,2022-07-02,99352.87,FEE,CORP_8,COMPLETED,GBP,REF21627
TXN000780,ACC00073,2020-11-22,96366.54,DEBIT,CORP_24,CANCELLED,EUR,REF38074
TXN000781,ACC00018,2021-01-01,-28227.14,DEBIT,CORP_32,COMPLETED,EUR,
TXN000782,ACC00258,2023-03-05,89954.49,CREDIT,,FAILED,CHF,
TXN000783,ACC00244,2023-03-04,87566.82,CREDIT,CORP_38,COMPLETED,EUR,REF37334
TXN000784,ACC00122,2023-09-12,-2375.57,TRANSFER,CORP_20,FAILED,EUR,REF15087
TXN000785,ACC00096,2024-11-21,33601.04,TRANSFER,CORP_14,COMPLETED,GBP,REF44481
TXN000786,ACC00042,2020-10-26,92290.23,DEBIT,CORP_48,,EUR,REF92709
TXN000787,ACC00008,2024-02-16,-32241.91,FEE,CORP_8,PENDING,GBP,REF93586
TXN000788,ACC00150,2024-02-08,-2360.36,TRANSFER,CORP_5,CANCELLED,EUR,REF79528
TXN000789,ACC00089,2022-09-17,81945.72,TRANSFER,CORP_27,CANCELLED,GBP,REF33601
TXN000790,ACC00273,2022-01-04,59061.93,INTEREST,CORP_20,COMPLETED,GBP,REF40394
TXN000791,ACC00122,2020-03-23,64815.25,FEE,CORP_22,COMPLETED,CHF,REF97552
TXN000792,ACC00222,2021-03-24,82019.79,CREDIT,CORP_31,COMPLETED,USD,REF92578
TXN000793,ACC00175,2024-04-08,12106.02,CREDIT,CORP_39,FAILED,GBP,REF56809
TXN000794,ACC00299,2022-09-25,11687.76,CREDIT,CORP_9,COMPLETED,CHF,REF48720
TXN000795,ACC00245,2021-04-19,16450.67,INTEREST,CORP_30,,GBP,
TXN000796,ACC00103,2020-05-08,90065.28,DEBIT,CORP_43,COMPLETED,USD,
TXN000797,ACC00215,2021-06-25,84119.51,DEBIT,CORP_47,COMPLETED,EUR,REF47653
TXN000798,ACC00206,2022-01-26,89987.5,CREDIT,CORP_40,PENDING,GBP,REF68611
TXN000799,ACC00192,2021-04-24,-8930.58,FEE,CORP_27,,CHF,REF96824
TXN000800,ACC00143,2020-03-28,66866.18,INTEREST,CORP_26,COMPLETED,EUR,REF33094
TXN000801,ACC00283,2023-10-01,-33984.29,CREDIT,CORP_3,CANCELLED,USD,REF51799
TXN000802,ACC00108,2021-02-27,-22288.03,CREDIT,CORP_29,,EUR,REF55557
TXN000803,ACC00091,2022-11-26,64367.12,DEBIT,CORP_42,,CHF,REF26784
TXN000804,ACC00051,2024-06-08,41797.24,FEE,,FAILED,CHF,REF73404
TXN000805,ACC00198,2022-01-09,-9970.61,INTEREST,CORP_2,CANCELLED,EUR,REF74117
TXN000806,ACC00168,2022-03-05,35056.46,INTEREST,CORP_50,CANCELLED,GBP,REF40783
TXN000807,ACC00089,2022-08-19,-15363.3,TRANSFER,CORP_36,FAILED,USD,
TXN000808,ACC00142,2022-07-20,-15172.62,FEE,CORP_42,,USD,REF38194
TXN000809,ACC00223,2024-12-10,53106.68,DEBIT,CORP_13,CANCELLED,CHF,REF63609
TXN000810,ACC00218,2020-04-05,3889.2,TRANSFER,CORP_35,FAILED,EUR,
TXN000811,ACC00168,2020-03-22,53221.19,DEBIT,CORP_4,FAILED,EUR,REF44289
TXN000812,ACC00274,2023-08-21,21490.33,CREDIT,CORP_34,FAILED,USD,REF63900
TXN000813,ACC00285,2021-10-25,25348.69,TRANSFER,CORP_31,FAILED,USD,REF67927
TXN000814,ACC00270,2020-07-30,40706.76,DEBIT,CORP_2,PENDING,USD,REF44170
TXN000815,ACC00197,2023-12-12,56802.87,CREDIT,CORP_35,FAILED,USD,REF45168
TXN000816,ACC00067,2022-12-03,6093.91,DEBIT,CORP_2,CANCELLED,GBP,REF38697
TXN000817,ACC00067,2023-07-21,77819.41,FEE,CORP_14,CANCELLED,CHF,REF15980
TXN000818,ACC00262,2024-08-26,23716.84,DEBIT,CORP_46,,USD,REF63714
TXN000819,ACC00127,2021-07-14,-29373.09,FEE,CORP_38,COMPLETED,GBP,REF31828
TXN000820,ACC00267,2024-09-05,-21011.03,DEBIT,CORP_35,FAILED,GBP,REF91957
TXN000821,ACC00112,2024-02-28,-45165.57,CREDIT,CORP_26,FAILED,GBP,
TXN000822,ACC00176,2021-06-23,64680.83,FEE,CORP_32,COMPLETED,CHF,REF90052
TXN000823,ACC00140,2023-03-31,-47747.86,INTEREST,CORP_2,COMPLETED,EUR,REF89293
TXN000824,ACC00036,2023-01-19,-9521.19,FEE,CORP_12,CANCELLED,CHF,REF12767
TXN000825,ACC00017,2023-03-13,11956.6,CREDIT,CORP_34,CANCELLED,USD,REF21829
TXN000826,ACC00191,2020-12-22,61355.0,FEE,CORP_17,PENDING,USD,REF53684
TXN000827,ACC00175,2022-02-10,98236.51,DEBIT,,COMPLETED,EUR,REF82468
TXN000828,ACC00187,2023-08-31,63666.49,DEBIT,CORP_35,,USD,
TXN000829,ACC00142,2022-02-14,-40079.55,INTEREST,CORP_10,COMPLETED,CHF,
TXN000830,ACC00059,2022-01-18,89065.48,FEE,CORP_50,,EUR,REF80185
TXN000831,ACC00036,2023-04-18,97844.15,DEBIT,,FAILED,EUR,REF30577
TXN000832,ACC00205,2023-08-31,80069.35,FEE,CORP_27,PENDING,USD,REF61842
TXN000833,ACC00159,2024-09-07,23491.43,TRANSFER,CORP_4,FAILED,GBP,REF40059
TXN000834,ACC00124,2020-06-08,-1265.66,DEBIT,CORP_21,CANCELLED,EUR,REF31155
TXN000835,ACC00262,2022-11-24,18631.74,FEE,CORP_46,,CHF,REF53450
TXN000836,ACC00046,2021-05-30,-12982.42,DEBIT,,CANCELLED,EUR,REF82476
TXN000837,ACC00298,2022-02-09,10730.02,TRANSFER,CORP_21,,CHF,REF11787
TXN000838,ACC00103,2021-04-01,-43726.06,TRANSFER,CORP_21,CANCELLED,GBP,
TXN000839,ACC00297,2022-11-23,60299.77,DEBIT,CORP_8,PENDING,USD,
TXN000840,ACC00268,2022-04-11,7056.13,TRANSFER,,COMPLETED,GBP,REF23437
TXN000841,ACC00296,2021-12-23,-3065.38,DEBIT,CORP_39,FAILED,USD,REF73556
TXN000842,ACC00043,2024-07-31,41725.73,CREDIT,CORP_32,COMPLETED,EUR,
TXN000843,ACC00259,2024-11-12,61370.18,INTEREST,CORP_33,FAILED,GBP,REF13177
TXN000844,ACC00055,2021-12-07,39070.87,CREDIT,CORP_8,COMPLETED,GBP,REF42415
TXN000845,ACC00025,2022-09-24,28784.58,TRANSFER,CORP_21,FAILED,GBP,
TXN000846,ACC00100,2024-06-11,81367.45,DEBIT,CORP_27,CANCELLED,EUR,REF59526
TXN000847,ACC00296,2022-09-14,68037.98,CREDIT,,PENDING,EUR,REF27195
TXN000848,ACC00095,2024-12-21,28097.36,FEE,,,USD,REF45389
TXN000849,ACC00018,2023-05-22,17741.44,FEE,CORP_2,CANCELLED,CHF,REF20030
TXN000850,ACC00136,2020-01-14,74051.52,FEE,CORP_38,CANCELLED,GBP,
TXN000851,ACC00063,2022-10-24,-43637.61,DEBIT,CORP_16,,CHF,REF64444
TXN000852,ACC00233,2024-12-11,99375.46,TRANSFER,CORP_42,COMPLETED,GBP,
TXN000853,ACC00173,2020-10-11,27805.4,DEBIT,CORP_20,FAILED,CHF,REF81001
TXN000854,ACC00048,2022-06-19,9341.68,TRANSFER,CORP_29,CANCELLED,USD,REF29902
TXN000855,ACC00236,2020-12-05,60275.51,INTEREST,,CANCELLED,EUR,
TXN000856,ACC00234,2021-04-16,33655.14,DEBIT,CORP_14,COMPLETED,CHF,REF61265
TXN000857,ACC00039,2020-06-06,27419.0,INTEREST,CORP_10,CANCELLED,EUR,REF89389
TXN000858,ACC00131,2022-11-19,44597.28,DEBIT,CORP_11,FAILED,GBP,REF52431
TXN000859,ACC00129,2023-08-10,-42605.68,INTEREST,CORP_35,,GBP,REF13071
TXN000860,ACC00129,2021-07-29,-6323.1,INTEREST,CORP_36,PENDING,CHF,REF70149
TXN000861,ACC00144,2021-03-09,9705.98,DEBIT,CORP_1,PENDING,CHF,REF44638
TXN000862,ACC00002,2020-11-03,-4316.88,CREDIT,CORP_40,,USD,REF85523
TXN000863,ACC00161,2021-01-17,74143.15,FEE,CORP_11,,CHF,REF48173
TXN000864,ACC00220,2020-11-18,19202.07,INTEREST,,,GBP,REF39131
TXN000865,ACC00286,2022-01-11,13369.33,FEE,CORP_31,COMPLETED,GBP,REF83530
TXN000866,ACC00268,2023-05-17,41970.14,DEBIT,CORP_17,PENDING,GBP,REF47279
TXN000867,ACC00228,2024-01-09,-41818.0,INTEREST,CORP_25,CANCELLED,EUR,REF79888
TXN000868,ACC00160,2024-07-31,27545.45,FEE,CORP_41,COMPLETED,CHF,REF60123
TXN000869,ACC00006,2020-08-30,-28664.06,FEE,CORP_33,FAILED,CHF,
TXN000870,ACC00002,2023-09-15,74484.03,TRANSFER,CORP_11,,GBP,REF61595
TXN000871,ACC00221,2021-04-16,17754.71,CREDIT,CORP_37,CANCELLED,EUR,REF81641
TXN000872,ACC00068,2022-04-29,58397.02,FEE,,PENDING,EUR,REF69279
TXN000873,ACC00264,2024-07-19,-33024.26,DEBIT,,CANCELLED,USD,REF13262
TXN000874,ACC00094,2021-11-07,66809.67,DEBIT,CORP_9,COMPLETED,EUR,REF40423
TXN000875,ACC00031,2024-01-15,90676.37,TRANSFER,CORP_18,CANCELLED,USD,REF72495
TXN000876,ACC00152,2020-08-20,54417.12,FEE,CORP_14,,EUR,REF94255
TXN000877,ACC00092,2022-09-13,-29704.0,INTEREST,CORP_21,PENDING,GBP,REF28844
TXN000878,ACC00020,2023-10-14,12033.9,DEBIT,CORP_22,PENDING,CHF,REF20962
TXN000879,ACC00014,2022-09-07,17632.88,INTEREST,CORP_49,PENDING,USD,
TXN000880,ACC00285,2022-09-08,-23168.21,DEBIT,CORP_18,PENDING,CHF,REF74200
TXN000881,ACC00137,2021-03-07,38547.32,INTEREST,CORP_21,COMPLETED,EUR,REF20995
TXN000882,ACC00157,2023-04-24,56895.16,CREDIT,CORP_30,COMPLETED,USD,
TXN000883,ACC00158,2020-11-26,-19710.2,FEE,CORP_22,CANCELLED,CHF,REF72064
TXN000884,ACC00131,2023-08-18,18202.48,CREDIT,,COMPLETED,CHF,REF84270
TXN000885,ACC00207,2024-09-02,-12487.66,CREDIT,CORP_42,PENDING,EUR,REF17724
TXN000886,ACC00041,2022-04-21,53757.61,FEE,CORP_39,FAILED,GBP,REF43033
TXN000887,ACC00299,2020-02-15,86074.37,INTEREST,CORP_1,CANCELLED,CHF,REF54285
TXN000888,ACC00148,2021-05-14,69472.93,CREDIT,CORP_27,FAILED,CHF,REF14785
TXN000889,ACC00226,2020-03-29,57756.21,FEE,CORP_45,PENDING,CHF,REF84096
TXN000890,ACC00050,2020-09-18,-31468.37,INTEREST,CORP_49,FAILED,EUR,REF10730
TXN000891,ACC00273,2023-03-20,-32875.26,FEE,CORP_6,CANCELLED,EUR,REF37423
TXN000892,ACC00244,2023-04-28,17409.76,FEE,CORP_42,COMPLETED,USD,REF74058
TXN000893,ACC00006,2020-11-25,4441.51,CREDIT,CORP_35,PENDING,EUR,REF51027
TXN000894,ACC00068,2020-10-02,28572.6,FEE,,,CHF,REF40898
TXN000895,ACC00296,2023-07-13,7613.11,FEE,CORP_43,CANCELLED,CHF,REF73307
TXN000896,ACC00064,2022-11-15,68659.99,DEBIT,CORP_8,COMPLETED,USD,REF20673
TXN000897,ACC00007,2020-03-21,26749.97,CREDIT,CORP_25,FAILED,CHF,REF65797
TXN000898,ACC00152,2024-12-29,92463.08,INTEREST,CORP_23,PENDING,GBP,REF59241
TXN000899,ACC00037,2023-03-18,6801.79,CREDIT,CORP_50,,EUR,
TXN000900,ACC00214,2020-10-27,7091.05,FEE,CORP_1,,GBP,
TXN000901,ACC00238,2020-04-24,65239.05,DEBIT,CORP_24,COMPLETED,GBP,REF25922
TXN000902,ACC00113,2020-12-06,86837.92,DEBIT,CORP_29,FAILED,CHF,REF67357
TXN000903,ACC00193,2021-06-12,34823.74,TRANSFER,,CANCELLED,USD,REF24898
TXN000904,ACC00232,2021-01-03,48929.55,TRANSFER,CORP_49,CANCELLED,CHF,
TXN000905,ACC00187,2022-11-24,-27486.54,DEBIT,CORP_46,,EUR,REF32376
TXN000906,ACC00179,2022-04-10,80322.78,CREDIT,CORP_6,CANCELLED,GBP,REF78758
TXN000907,ACC00015,2023-05-12,-23169.99,CREDIT,CORP_41,PENDING,CHF,REF81707
TXN000908,ACC00033,2023-02-28,56807.12,FEE,CORP_46,PENDING,EUR,REF11213
TXN000909,ACC00251,2023-07-29,12937.25,TRANSFER,CORP_32,FAILED,USD,REF67079
TXN000910,ACC00015,2020-02-08,-3572.25,DEBIT,CORP_3,COMPLETED,CHF,REF98694
TXN000911,ACC00035,2024-12-04,65294.56,FEE,CORP_46,FAILED,USD,REF52255
TXN000912,ACC00134,2024-01-13,16938.74,INTEREST,CORP_14,COMPLETED,USD,REF58710
TXN000913,ACC00038,2024-01-30,43967.93,INTEREST,,COMPLETED,GBP,REF31750
TXN000914,ACC00076,2023-09-17,-32366.9,CREDIT,CORP_41,COMPLETED,EUR,
TXN000915,ACC00211,2024-08-09,-30264.35,FEE,CORP_18,FAILED,CHF,REF36799
TXN000916,ACC00062,2021-08-03,-19572.24,FEE,CORP_32,,EUR,REF58660
TXN000917,ACC00206,2020-06-24,43384.05,DEBIT,CORP_13,PENDING,GBP,REF42930
TXN000918,ACC00003,2021-03-19,-12033.35,FEE,CORP_37,COMPLETED,CHF,REF37606
TXN000919,ACC00127,2022-07-08,18796.4,DEBIT,CORP_39,,CHF,REF27739
TXN000920,ACC00031,2023-05-27,78311.66,TRANSFER,CORP_5,FAILED,USD,REF72111
TXN000921,ACC00157,2022-08-23,31525.17,FEE,CORP_48,PENDING,EUR,
TXN000922,ACC00187,2024-11-11,-49137.42,CREDIT,,FAILED,USD,REF29706
TXN000923,ACC00211,2022-09-13,82405.44,CREDIT,CORP_37,CANCELLED,EUR,REF10734
TXN000924,ACC00126,2020-12-15,-14318.25,FEE,CORP_34,,CHF,REF34598
TXN000925,ACC00270,2021-03-25,38329.35,TRANSFER,CORP_18,COMPLETED,GBP,REF22300
TXN000926,ACC00154,2024-08-27,21356.8,INTEREST,CORP_44,FAILED,GBP,REF53389
TXN000927,ACC00186,2022-04-21,11522.7,CREDIT,,COMPLETED,USD,
TXN000928,ACC00085,2023-05-15,-38089.26,TRANSFER,CORP_44,,EUR,REF87916
TXN000929,ACC00236,2020-10-19,40015.32,FEE,CORP_17,,USD,REF55934
TXN000930,ACC00150,2024-06-15,-13293.02,TRANSFER,CORP_30,PENDING,EUR,REF39626
TXN000931,ACC00183,2023-04-08,32101.24,INTEREST,,CANCELLED,GBP,REF11851
TXN000932,ACC00234,2024-08-07,42964.91,INTEREST,CORP_44,CANCELLED,CHF,REF45989
TXN000933,ACC00250,2024-04-20,33632.3,INTEREST,CORP_4,FAILED,EUR,REF65858
TXN000934,ACC00292,2021-01-07,73787.88,DEBIT,CORP_21,FAILED,GBP,REF50075
TXN000935,ACC00108,2023-06-30,-42662.18,CREDIT,CORP_27,PENDING,CHF,REF62857
TXN000936,ACC00123,2023-09-12,-27761.57,INTEREST,CORP_44,,CHF,REF83546
TXN000937,ACC00049,2022-11-12,47991.53,TRANSFER,CORP_32,,USD,REF96424
TXN000938,ACC00165,2021-06-25,-44491.84,CREDIT,CORP_49,,GBP,REF87678
TXN000939,ACC00274,2020-12-09,78074.39,INTEREST,,PENDING,USD,REF38369
TXN000940,ACC00207,2024-01-23,50049.48,TRANSFER,CORP_4,COMPLETED,EUR,REF44463
TXN000941,ACC00145,2023-11-05,75702.17,CREDIT,CORP_27,CANCELLED,EUR,REF26607
TXN000942,ACC00071,2021-12-02,-5233.77,CREDIT,CORP_21,COMPLETED,CHF,REF86980
TXN000943,ACC00004,2022-07-17,88057.7,FEE,,,GBP,REF60193
TXN000944,ACC00027,2023-05-06,-42645.3,TRANSFER,CORP_6,CANCELLED,GBP,REF87616
TXN000945,ACC00034,2023-04-24,12543.54,FEE,CORP_2,FAILED,USD,REF90725
TXN000946,ACC00173,2020-05-20,-23262.74,INTEREST,CORP_15,PENDING,USD,REF72050
TXN000947,ACC00149,2021-04-15,50813.57,CREDIT,CORP_28,FAILED,GBP,REF10350
TXN000948,ACC00285,2022-02-13,41663.46,TRANSFER,CORP_16,PENDING,CHF,REF38369
TXN000949,ACC00234,2022-02-28,53727.04,TRANSFER,CORP_22,CANCELLED,CHF,
TXN000950,ACC00023,2020-09-27,39245.35,DEBIT,CORP_41,CANCELLED,CHF,REF29200
TXN000951,ACC00218,2020-08-10,68096.14,INTEREST,CORP_2,PENDING,USD,
TXN000952,ACC00272,2020-02-03,-23387.11,CREDIT,CORP_2,,CHF,REF10032
TXN000953,ACC00194,2021-02-18,18300.67,INTEREST,CORP_41,FAILED,GBP,REF16840
TXN000954,ACC00138,2022-12-06,36844.94,DEBIT,CORP_17,PENDING,CHF,
TXN000955,ACC00294,2024-10-26,89721.97,DEBIT,CORP_31,COMPLETED,EUR,REF65758
TXN000956,ACC00080,2022-10-29,-36031.06,TRANSFER,CORP_22,,USD,REF52872
TXN000957,ACC00016,2023-11-02,-5105.83,DEBIT,CORP_22,FAILED,EUR,REF25374
TXN000958,ACC00244,2022-05-09,5285.41,INTEREST,CORP_16,FAILED,USD,REF61543
TXN000959,ACC00263,2024-08-19,6840.9,CREDIT,CORP_50,,GBP,REF60532
TXN000960,ACC00256,2020-11-02,-39850.0,FEE,CORP_29,COMPLETED,GBP,REF56529
TXN000961,ACC00109,2023-05-25,14098.58,INTEREST,CORP_41,FAILED,EUR,REF78417
TXN000962,ACC00204,2020-07-16,32570.66,DEBIT,CORP_8,,USD,REF20249
TXN000963,ACC00128,2020-12-29,-6075.09,DEBIT,,CANCELLED,CHF,REF38036
TXN000964,ACC00035,2022-09-01,-29818.13,TRANSFER,,PENDING,USD,REF93069
TXN000965,ACC00256,2023-06-13,54192.92,TRANSFER,,CANCELLED,CHF,REF28728
TXN000966,ACC00268,2023-05-13,-8837.22,TRANSFER,CORP_45,FAILED,GBP,REF83464
TXN000967,ACC00003,2020-03-20,29057.91,INTEREST,,CANCELLED,EUR,REF42838
TXN000968,ACC00042,2024-12-02,28696.93,FEE,CORP_29,COMPLETED,CHF,REF83125
TXN000969,ACC00195,2024-05-24,54374.42,TRANSFER,,FAILED,GBP,REF95471
TXN000970,ACC00099,2022-12-24,41808.06,CREDIT,CORP_28,PENDING,EUR,REF13315
TXN000971,ACC00269,2022-10-27,-33604.66,CREDIT,,PENDING,CHF,REF71089
TXN000972,ACC00287,2024-03-20,59459.28,TRANSFER,CORP_36,PENDING,USD,REF55349
TXN000973,ACC00081,2020-08-28,44346.79,TRANSFER,,COMPLETED,CHF,REF38020
TXN000974,ACC00220,2020-07-09,98078.39,FEE,CORP_26,PENDING,EUR,REF35032
TXN000975,ACC00112,2022-09-14,22549.45,FEE,,CANCELLED,EUR,REF33462
TXN000976,ACC00103,2023-09-12,53298.14,INTEREST,CORP_15,CANCELLED,USD,REF11398
TXN000977,ACC00035,2020-09-23,90083.75,INTEREST,CORP_43,FAILED,USD,REF57315
TXN000978,ACC00121,2023-05-20,97941.77,CREDIT,CORP_30,PENDING,CHF,REF10735
TXN000979,ACC00137,2023-01-09,-6921.9,FEE,CORP_28,COMPLETED,USD,REF53050
TXN000980,ACC00251,2024-08-21,41326.69,INTEREST,CORP_40,,CHF,
TXN000981,ACC00207,2020-01-03,-2526.72,INTEREST,CORP_42,CANCELLED,USD,REF43260
TXN000982,ACC00144,2024-05-05,28808.68,TRANSFER,CORP_2,FAILED,GBP,REF11703
TXN000983,ACC00127,2023-10-21,99253.65,FEE,CORP_22,CANCELLED,USD,REF14394
TXN000984,ACC00266,2023-08-22,3078.0,INTEREST,CORP_7,CANCELLED,USD,REF94105
TXN000985,ACC00051,2022-06-02,-30543.03,TRANSFER,CORP_39,FAILED,EUR,REF15756
TXN000986,ACC00040,2022-12-05,34395.15,CREDIT,CORP_38,CANCELLED,GBP,REF43166
TXN000987,ACC00218,2022-05-11,27955.87,DEBIT,CORP_13,CANCELLED,GBP,REF17500
TXN000988,ACC00295,2022-01-28,44778.64,FEE,CORP_9,COMPLETED,EUR,REF13988
TXN000989,ACC00254,2024-11-26,23875.67,CREDIT,CORP_17,,GBP,REF71709
TXN000990,ACC00032,2020-03-29,-23013.92,CREDIT,CORP_31,FAILED,GBP,REF92868
TXN000991,ACC00274,2023-11-29,41410.86,FEE,CORP_29,FAILED,EUR,REF32776
TXN000992,ACC00145,2022-12-21,56288.06,DEBIT,CORP_9,PENDING,CHF,REF94875
TXN000993,ACC00171,2022-05-28,96888.65,TRANSFER,CORP_4,,CHF,REF23616
TXN000994,ACC00132,2021-04-14,-49762.86,CREDIT,CORP_38,CANCELLED,CHF,
TXN000995,ACC00184,2024-07-01,-46401.98,CREDIT,CORP_42,COMPLETED,CHF,
TXN000996,ACC00234,2022-09-14,43819.11,DEBIT,CORP_20,PENDING,GBP,REF30079
TXN000997,ACC00184,2024-06-05,-32311.14,TRANSFER,CORP_35,FAILED,GBP,REF33187
TXN000998,ACC00259,2024-04-23,77210.47,CREDIT,CORP_10,,CHF,REF27255
TXN000999,ACC00264,2022-02-19,69934.65,DEBIT,CORP_39,COMPLETED,GBP,
TXN001000,ACC00219,2021-12-18,99848.05,FEE,CORP_24,FAILED,EUR,REF25653
TXN000709,ACC00061,2023-02-03,-24452.05,DEBIT,CORP_27,PENDING,USD,
TXN000175,ACC00005,2024-03-30,23620.8,TRANSFER,CORP_38,,GBP,REF90999
TXN000876,ACC00152,2020-08-20,54417.12,FEE,CORP_14,,EUR,REF94255
TXN000395,ACC00186,2021-11-07,92746.61,INTEREST,CORP_3,,EUR,REF90315
TXN000193,ACC00099,2022-12-22,-48227.0,DEBIT,CORP_33,FAILED,GBP,REF64171
TXN000549,ACC00023,2022-12-31,3694.5,TRANSFER,CORP_6,COMPLETED,CHF,REF56787
TXN000774,ACC00084,2023-11-02,79388.15,CREDIT,CORP_36,,GBP,REF38863
TXN000318,ACC00088,2023-06-15,95431.34,INTEREST,CORP_41,PENDING,CHF,
TXN000188,ACC00026,2023-04-21,-23779.95,TRANSFER,CORP_31,PENDING,USD,REF59749
TXN000141,ACC00194,2024-08-26,51054.69,CREDIT,CORP_34,CANCELLED,EUR,
TXN000378,ACC00255,2021-01-17,30245.61,INTEREST,CORP_39,COMPLETED,GBP,REF74920
TXN000087,ACC00263,2021-10-09,-26383.29,INTEREST,CORP_6,CANCELLED,EUR,REF33419
TXN000691,ACC00182,2024-02-24,-47940.01,FEE,CORP_34,,EUR,REF35965
TXN000102,ACC00179,2024-06-09,-8523.82,DEBIT,CORP_31,CANCELLED,USD,
TXN000050,ACC00137,2020-04-21,765.68,TRANSFER,CORP_29,COMPLETED,USD,REF82470
